UTC 2023-10-06 04:30:21.710386,Raw mV:0.00,0
UTC 2023-10-06 04:30:21.710517,Raw mV:0.00,0
UTC 2023-10-06 04:30:21.710567,Raw mV:0.00,0
UTC 2023-10-06 04:30:21.710627,Sampling FPS:625.00,625
UTC 2023-10-06 04:30:21.710670,Raw mV:0.00,0
UTC 2023-10-06 04:30:21.710711,Raw mV:0.00,0
UTC 2023-10-06 04:30:21.710752,Raw mV:0.00,0
UTC 2023-10-06 04:30:21.710793,Raw mV:0.00,0
UTC 2023-10-06 04:30:21.710833,Raw mV:0.00,0
UTC 2023-10-06 04:30:21.710899,Sampling FPS:555.56,555.56
UTC 2023-10-06 04:30:21.710941,Raw mV:0.00,0
UTC 2023-10-06 04:30:21.710981,Raw mV:0.00,0
UTC 2023-10-06 04:30:21.711025,Raw mV:0.00,0
UTC 2023-10-06 04:30:21.711066,Raw mV:0.00,0
UTC 2023-10-06 04:30:21.711107,Raw mV:0.00,0
UTC 2023-10-06 04:30:21.711164,Sampling FPS:625.00,625
UTC 2023-10-06 04:30:21.711205,Raw mV:0.00,0
UTC 2023-10-06 04:30:21.711244,Raw mV:0.00,0
UTC 2023-10-06 04:30:21.711287,Raw mV:0.00,0
UTC 2023-10-06 04:30:21.711327,Raw mV:0.00,0
UTC 2023-10-06 04:30:21.711367,Raw mV:0.00,0
UTC 2023-10-06 04:30:21.711424,Sampling FPS:625.00,625
UTC 2023-10-06 04:30:21.711463,Raw mV:0.00,0
UTC 2023-10-06 04:30:21.711502,Raw mV:0.00,0
UTC 2023-10-06 04:30:21.711542,Raw mV:0.00,0
UTC 2023-10-06 04:30:21.711581,Raw mV:0.00,0
UTC 2023-10-06 04:30:21.711620,Raw mV:0.00,0
UTC 2023-10-06 04:30:21.711680,Sampling FPS:555.56,555.56
UTC 2023-10-06 04:30:21.711720,Raw mV:0.00,0
UTC 2023-10-06 04:30:21.711762,Raw mV:0.00,0
UTC 2023-10-06 04:30:21.711802,Raw mV:0.00,0
UTC 2023-10-06 04:30:21.711844,Raw mV:0.00,0
UTC 2023-10-06 04:30:21.711883,Raw mV:0.00,0
UTC 2023-10-06 04:30:21.711939,Sampling FPS:625.00,625
UTC 2023-10-06 04:30:21.711979,Raw mV:0.00,0
UTC 2023-10-06 04:30:21.712019,Raw mV:0.00,0
UTC 2023-10-06 04:30:21.712061,Raw mV:0.00,0
UTC 2023-10-06 04:30:21.712101,Raw mV:0.00,0
UTC 2023-10-06 04:30:21.712141,Raw mV:0.00,0
UTC 2023-10-06 04:30:21.712196,Sampling FPS:555.56,555.56
UTC 2023-10-06 04:30:21.712237,Raw mV:0.00,0
UTC 2023-10-06 04:30:21.712276,Raw mV:0.00,0
UTC 2023-10-06 04:30:21.712317,Raw mV:0.00,0
UTC 2023-10-06 04:30:21.712356,Raw mV:0.00,0
UTC 2023-10-06 04:30:21.712397,Raw mV:0.00,0
UTC 2023-10-06 04:30:21.712457,Sampling FPS:625.00,625
UTC 2023-10-06 04:30:21.712496,Raw mV:0.00,0
UTC 2023-10-06 04:30:21.712536,Raw mV:0.00,0
UTC 2023-10-06 04:30:21.712576,Raw mV:0.00,0
UTC 2023-10-06 04:30:21.712616,Raw mV:0.00,0
UTC 2023-10-06 04:30:21.712656,Raw mV:0.00,0
UTC 2023-10-06 04:30:21.712712,Sampling FPS:555.56,555.56
UTC 2023-10-06 04:30:21.712754,Raw mV:0.00,0
UTC 2023-10-06 04:30:21.712794,Raw mV:0.00,0
UTC 2023-10-06 04:30:21.712839,Raw mV:0.00,0
UTC 2023-10-06 04:30:21.712880,Raw mV:0.00,0
UTC 2023-10-06 04:30:21.712922,Raw mV:0.00,0
UTC 2023-10-06 04:30:21.712980,Sampling FPS:625.00,625
UTC 2023-10-06 04:30:21.713019,Raw mV:0.00,0
UTC 2023-10-06 04:30:21.713058,Raw mV:0.00,0
UTC 2023-10-06 04:30:21.713097,Raw mV:0.00,0
UTC 2023-10-06 04:30:21.713138,Raw mV:0.00,0
UTC 2023-10-06 04:30:21.713178,Raw mV:0.00,0
UTC 2023-10-06 04:30:21.713239,Sampling FPS:625.00,625
UTC 2023-10-06 04:30:21.713281,Raw mV:0.00,0
UTC 2023-10-06 04:30:21.713321,Raw mV:0.00,0
UTC 2023-10-06 04:30:21.713360,Raw mV:0.00,0
UTC 2023-10-06 04:30:21.713398,Raw mV:0.00,0
UTC 2023-10-06 04:30:21.713438,Raw mV:0.00,0
UTC 2023-10-06 04:30:21.713494,Sampling FPS:555.56,555.56
UTC 2023-10-06 04:30:21.713533,Raw mV:0.00,0
UTC 2023-10-06 04:30:21.713572,Raw mV:0.00,0
UTC 2023-10-06 04:30:21.713611,Raw mV:0.00,0
UTC 2023-10-06 04:30:21.713654,Raw mV:0.00,0
UTC 2023-10-06 04:30:21.713693,Raw mV:0.00,0
UTC 2023-10-06 04:30:21.713750,Sampling FPS:625.00,625
UTC 2023-10-06 04:30:21.713790,Raw mV:0.00,0
UTC 2023-10-06 04:30:21.713829,Raw mV:0.00,0
UTC 2023-10-06 04:30:21.713866,Raw mV:0.00,0
UTC 2023-10-06 04:30:21.713902,Raw mV:0.00,0
UTC 2023-10-06 04:30:21.713938,Raw mV:0.00,0
UTC 2023-10-06 04:30:21.714006,Sampling FPS:555.56,555.56
UTC 2023-10-06 04:30:21.714045,Raw mV:0.00,0
UTC 2023-10-06 04:30:21.714080,Raw mV:0.00,0
UTC 2023-10-06 04:30:21.714118,Raw mV:0.00,0
UTC 2023-10-06 04:30:21.714154,Raw mV:0.00,0
UTC 2023-10-06 04:30:21.714187,Raw mV:0.00,0
UTC 2023-10-06 04:30:21.714237,Sampling FPS:625.00,625
UTC 2023-10-06 04:30:21.714271,Raw mV:0.00,0
UTC 2023-10-06 04:30:21.714304,Raw mV:0.00,0
UTC 2023-10-06 04:30:21.714338,Raw mV:0.00,0
UTC 2023-10-06 04:30:21.714374,Raw mV:0.00,0
UTC 2023-10-06 04:30:21.714408,Raw mV:0.00,0
UTC 2023-10-06 04:30:21.714459,Sampling FPS:555.56,555.56
UTC 2023-10-06 04:30:21.714494,Raw mV:0.00,0
UTC 2023-10-06 04:30:21.714528,Raw mV:0.00,0
UTC 2023-10-06 04:30:21.714563,Raw mV:0.00,0
UTC 2023-10-06 04:30:21.714596,Raw mV:0.00,0
UTC 2023-10-06 04:30:21.714631,Raw mV:0.00,0
UTC 2023-10-06 04:30:21.714682,Sampling FPS:555.56,555.56
UTC 2023-10-06 04:30:21.714722,Raw mV:0.00,0
UTC 2023-10-06 04:30:21.714758,Raw mV:0.00,0
UTC 2023-10-06 04:30:21.714791,Raw mV:0.00,0
UTC 2023-10-06 04:30:21.714828,Raw mV:0.00,0
UTC 2023-10-06 04:30:21.714863,Raw mV:0.00,0
UTC 2023-10-06 04:30:21.714915,Sampling FPS:625.00,625
UTC 2023-10-06 04:30:21.714952,Raw mV:0.00,0
UTC 2023-10-06 04:30:21.714988,Raw mV:0.00,0
UTC 2023-10-06 04:30:21.715024,Raw mV:0.00,0
UTC 2023-10-06 04:30:21.715062,Raw mV:0.00,0
UTC 2023-10-06 04:30:21.715101,Raw mV:0.00,0
UTC 2023-10-06 04:30:21.715150,Sampling FPS:555.56,555.56
UTC 2023-10-06 04:30:21.715185,Raw mV:0.00,0
UTC 2023-10-06 04:30:21.715218,Raw mV:0.00,0
UTC 2023-10-06 04:30:21.715252,Raw mV:0.00,0
UTC 2023-10-06 04:30:21.715286,Raw mV:0.00,0
UTC 2023-10-06 04:30:21.715320,Raw mV:0.00,0
UTC 2023-10-06 04:30:21.715370,Sampling FPS:625.00,625
UTC 2023-10-06 04:30:21.715406,Raw mV:0.00,0
UTC 2023-10-06 04:30:21.715445,Raw mV:0.00,0
UTC 2023-10-06 04:30:21.715479,Raw mV:0.00,0
UTC 2023-10-06 04:30:21.715512,Raw mV:0.00,0
UTC 2023-10-06 04:30:21.715546,Raw mV:0.00,0
UTC 2023-10-06 04:30:21.715594,Sampling FPS:555.56,555.56
UTC 2023-10-06 04:30:21.715628,Raw mV:0.00,0
UTC 2023-10-06 04:30:21.715662,Raw mV:0.00,0
UTC 2023-10-06 04:30:21.715696,Raw mV:0.00,0
UTC 2023-10-06 04:30:21.715733,Raw mV:0.00,0
UTC 2023-10-06 04:30:21.715770,Raw mV:0.00,0
UTC 2023-10-06 04:30:21.715824,Sampling FPS:625.00,625
UTC 2023-10-06 04:30:21.715860,Raw mV:0.00,0
UTC 2023-10-06 04:30:21.715895,Raw mV:0.00,0
UTC 2023-10-06 04:30:21.715929,Raw mV:0.00,0
UTC 2023-10-06 04:30:21.715962,Raw mV:0.00,0
UTC 2023-10-06 04:30:21.715997,Raw mV:0.00,0
UTC 2023-10-06 04:30:21.716046,Sampling FPS:625.00,625
UTC 2023-10-06 04:30:21.716081,Raw mV:0.00,0
UTC 2023-10-06 04:30:21.716117,Raw mV:0.00,0
UTC 2023-10-06 04:30:21.716179,Raw mV:0.00,0
UTC 2023-10-06 04:30:21.716216,Raw mV:0.00,0
UTC 2023-10-06 04:30:21.716250,Raw mV:0.00,0
UTC 2023-10-06 04:30:21.716300,Sampling FPS:555.56,555.56
UTC 2023-10-06 04:30:21.716335,Raw mV:0.00,0
UTC 2023-10-06 04:30:21.716370,Raw mV:0.00,0
UTC 2023-10-06 04:30:21.716404,Raw mV:0.00,0
UTC 2023-10-06 04:30:21.716438,Raw mV:0.00,0
UTC 2023-10-06 04:30:21.716471,Raw mV:0.00,0
UTC 2023-10-06 04:30:21.716525,Sampling FPS:625.00,625
UTC 2023-10-06 04:30:21.716559,Raw mV:0.00,0
UTC 2023-10-06 04:30:21.716594,Raw mV:0.00,0
UTC 2023-10-06 04:30:21.716627,Raw mV:0.00,0
UTC 2023-10-06 04:30:21.716661,Raw mV:0.00,0
UTC 2023-10-06 04:30:21.716694,Raw mV:0.00,0
UTC 2023-10-06 04:30:21.716744,Sampling FPS:555.56,555.56
UTC 2023-10-06 04:30:21.716778,Raw mV:0.00,0
UTC 2023-10-06 04:30:21.716811,Raw mV:0.00,0
UTC 2023-10-06 04:30:21.716850,Raw mV:0.00,0
UTC 2023-10-06 04:30:21.716885,Raw mV:0.00,0
UTC 2023-10-06 04:30:21.716919,Raw mV:0.00,0
UTC 2023-10-06 04:30:21.716971,Sampling FPS:625.00,625
UTC 2023-10-06 04:30:21.717006,Raw mV:0.00,0
UTC 2023-10-06 04:30:21.717040,Raw mV:0.00,0
UTC 2023-10-06 04:30:21.717090,Raw mV:0.00,0
UTC 2023-10-06 04:30:21.717125,Raw mV:0.00,0
UTC 2023-10-06 04:30:21.717160,Raw mV:0.00,0
UTC 2023-10-06 04:30:21.717215,Sampling FPS:555.56,555.56
UTC 2023-10-06 04:30:21.717251,Raw mV:0.00,0
UTC 2023-10-06 04:30:21.717285,Raw mV:0.00,0
UTC 2023-10-06 04:30:21.717320,Raw mV:0.00,0
UTC 2023-10-06 04:30:21.717355,Raw mV:0.00,0
UTC 2023-10-06 04:30:21.717388,Raw mV:0.00,0
UTC 2023-10-06 04:30:21.717437,Sampling FPS:555.56,555.56
UTC 2023-10-06 04:30:21.717472,Raw mV:0.00,0
UTC 2023-10-06 04:30:21.717506,Raw mV:0.00,0
UTC 2023-10-06 04:30:21.717540,Raw mV:0.00,0
UTC 2023-10-06 04:30:21.717577,Raw mV:0.00,0
UTC 2023-10-06 04:30:21.717612,Raw mV:0.00,0
UTC 2023-10-06 04:30:21.717664,Sampling FPS:625.00,625
UTC 2023-10-06 04:30:21.717700,Raw mV:0.00,0
UTC 2023-10-06 04:30:21.717736,Raw mV:0.00,0
UTC 2023-10-06 04:30:21.717772,Raw mV:0.00,0
UTC 2023-10-06 04:30:21.717807,Raw mV:0.00,0
UTC 2023-10-06 04:30:21.717842,Raw mV:0.00,0
UTC 2023-10-06 04:30:21.717893,Sampling FPS:555.56,555.56
UTC 2023-10-06 04:30:21.717934,Raw mV:0.00,0
UTC 2023-10-06 04:30:21.717969,Raw mV:0.00,0
UTC 2023-10-06 04:30:21.718003,Raw mV:0.00,0
UTC 2023-10-06 04:30:21.718037,Raw mV:0.00,0
UTC 2023-10-06 04:30:21.718072,Raw mV:0.00,0
UTC 2023-10-06 04:30:21.718123,Sampling FPS:625.00,625
UTC 2023-10-06 04:30:21.718156,Raw mV:0.00,0
UTC 2023-10-06 04:30:21.718189,Raw mV:0.00,0
UTC 2023-10-06 04:30:21.718222,Raw mV:0.00,0
UTC 2023-10-06 04:30:21.718260,Raw mV:0.00,0
UTC 2023-10-06 04:30:21.718293,Raw mV:0.00,0
UTC 2023-10-06 04:30:21.718348,Sampling FPS:555.56,555.56
UTC 2023-10-06 04:30:21.718383,Raw mV:0.00,0
UTC 2023-10-06 04:30:21.718418,Raw mV:0.00,0
UTC 2023-10-06 04:30:21.718454,Raw mV:0.00,0
UTC 2023-10-06 04:30:21.718488,Raw mV:0.00,0
UTC 2023-10-06 04:30:21.718523,Raw mV:0.00,0
UTC 2023-10-06 04:30:21.718572,Sampling FPS:625.00,625
UTC 2023-10-06 04:30:21.718610,Raw mV:0.00,0
UTC 2023-10-06 04:30:21.718645,Raw mV:0.00,0
UTC 2023-10-06 04:30:21.718678,Raw mV:0.00,0
UTC 2023-10-06 04:30:21.718712,Raw mV:0.00,0
UTC 2023-10-06 04:30:21.718746,Raw mV:0.00,0
UTC 2023-10-06 04:30:21.718797,Sampling FPS:625.00,625
UTC 2023-10-06 04:30:21.718832,Raw mV:0.00,0
UTC 2023-10-06 04:30:21.718870,Raw mV:0.00,0
UTC 2023-10-06 04:30:21.718905,Raw mV:0.00,0
UTC 2023-10-06 04:30:21.718939,Raw mV:0.00,0
UTC 2023-10-06 04:30:21.718978,Raw mV:0.00,0
UTC 2023-10-06 04:30:21.719029,Sampling FPS:555.56,555.56
UTC 2023-10-06 04:30:21.719064,Raw mV:0.00,0
UTC 2023-10-06 04:30:21.719098,Raw mV:0.00,0
UTC 2023-10-06 04:30:21.719132,Raw mV:0.00,0
UTC 2023-10-06 04:30:21.719169,Raw mV:0.00,0
UTC 2023-10-06 04:30:21.719231,Raw mV:0.00,0
UTC 2023-10-06 04:30:21.719288,Sampling FPS:625.00,625
UTC 2023-10-06 04:30:21.719323,Raw mV:0.00,0
UTC 2023-10-06 04:30:21.719363,Raw mV:0.00,0
UTC 2023-10-06 04:30:21.719397,Raw mV:0.00,0
UTC 2023-10-06 04:30:21.719431,Raw mV:0.00,0
UTC 2023-10-06 04:30:21.719466,Raw mV:0.00,0
UTC 2023-10-06 04:30:21.719516,Sampling FPS:555.56,555.56
UTC 2023-10-06 04:30:21.719551,Raw mV:0.00,0
UTC 2023-10-06 04:30:21.719585,Raw mV:0.00,0
UTC 2023-10-06 04:30:21.719619,Raw mV:0.00,0
UTC 2023-10-06 04:30:21.719654,Raw mV:0.00,0
UTC 2023-10-06 04:30:21.719692,Raw mV:0.00,0
UTC 2023-10-06 04:30:21.719743,Sampling FPS:625.00,625
UTC 2023-10-06 04:30:21.719777,Raw mV:0.00,0
UTC 2023-10-06 04:30:21.719811,Raw mV:0.00,0
UTC 2023-10-06 04:30:21.719845,Raw mV:0.00,0
UTC 2023-10-06 04:30:21.719881,Raw mV:0.00,0
UTC 2023-10-06 04:30:21.719915,Raw mV:0.00,0
UTC 2023-10-06 04:30:21.719965,Sampling FPS:555.56,555.56
UTC 2023-10-06 04:30:21.720002,Raw mV:0.00,0
UTC 2023-10-06 04:30:21.720041,Raw mV:0.00,0
UTC 2023-10-06 04:30:21.720131,Raw mV:0.00,0
UTC 2023-10-06 04:30:21.720188,Raw mV:0.00,0
UTC 2023-10-06 04:30:21.720228,Raw mV:0.00,0
UTC 2023-10-06 04:30:21.720327,Sampling FPS:625.00,625
UTC 2023-10-06 04:30:21.720365,Raw mV:0.00,0
UTC 2023-10-06 04:30:21.720402,Raw mV:0.00,0
UTC 2023-10-06 04:30:21.720437,Raw mV:0.00,0
UTC 2023-10-06 04:30:21.720472,Raw mV:0.00,0
UTC 2023-10-06 04:30:21.720506,Raw mV:0.00,0
UTC 2023-10-06 04:30:21.720560,Sampling FPS:625.00,625
UTC 2023-10-06 04:30:21.720595,Raw mV:0.00,0
UTC 2023-10-06 04:30:21.720629,Raw mV:0.00,0
UTC 2023-10-06 04:30:21.720662,Raw mV:0.00,0
UTC 2023-10-06 04:30:21.720697,Raw mV:0.00,0
UTC 2023-10-06 04:30:21.720731,Raw mV:0.00,0
UTC 2023-10-06 04:30:21.720782,Sampling FPS:555.56,555.56
UTC 2023-10-06 04:30:21.720817,Raw mV:0.00,0
UTC 2023-10-06 04:30:21.720893,Raw mV:0.00,0
UTC 2023-10-06 04:30:21.720954,Raw mV:0.00,0
UTC 2023-10-06 04:30:21.720994,Raw mV:0.00,0
UTC 2023-10-06 04:30:21.721031,Raw mV:0.00,0
UTC 2023-10-06 04:30:21.721083,Sampling FPS:625.00,625
UTC 2023-10-06 04:30:21.721119,Raw mV:0.00,0
UTC 2023-10-06 04:30:21.721171,Raw mV:0.00,0
UTC 2023-10-06 04:30:21.721209,Raw mV:0.00,0
UTC 2023-10-06 04:30:21.721259,Raw mV:0.00,0
UTC 2023-10-06 04:30:21.721295,Raw mV:0.00,0
UTC 2023-10-06 04:30:21.721352,Sampling FPS:555.56,555.56
UTC 2023-10-06 04:30:21.721388,Raw mV:0.00,0
UTC 2023-10-06 04:30:21.721423,Raw mV:0.00,0
UTC 2023-10-06 04:30:21.721457,Raw mV:0.00,0
UTC 2023-10-06 04:30:21.721491,Raw mV:0.00,0
UTC 2023-10-06 04:30:21.721526,Raw mV:0.00,0
UTC 2023-10-06 04:30:21.721574,Sampling FPS:625.00,625
UTC 2023-10-06 04:30:21.721608,Raw mV:0.00,0
UTC 2023-10-06 04:30:21.721642,Raw mV:0.00,0
UTC 2023-10-06 04:30:21.721680,Raw mV:0.00,0
UTC 2023-10-06 04:30:21.721715,Raw mV:0.00,0
UTC 2023-10-06 04:30:21.721750,Raw mV:0.00,0
UTC 2023-10-06 04:30:21.721800,Sampling FPS:555.56,555.56
UTC 2023-10-06 04:30:21.721835,Raw mV:0.00,0
UTC 2023-10-06 04:30:21.721869,Raw mV:0.00,0
UTC 2023-10-06 04:30:21.721903,Raw mV:0.00,0
UTC 2023-10-06 04:30:21.721935,Raw mV:0.00,0
UTC 2023-10-06 04:30:21.721969,Raw mV:0.00,0
UTC 2023-10-06 04:30:21.722021,Sampling FPS:555.56,555.56
UTC 2023-10-06 04:30:21.722054,Raw mV:0.00,0
UTC 2023-10-06 04:30:21.722085,Raw mV:0.00,0
UTC 2023-10-06 04:30:21.722117,Raw mV:0.00,0
UTC 2023-10-06 04:30:21.722148,Raw mV:0.00,0
UTC 2023-10-06 04:30:21.722181,Raw mV:0.00,0
UTC 2023-10-06 04:30:21.722229,Sampling FPS:625.00,625
UTC 2023-10-06 04:30:21.722262,Raw mV:0.00,0
UTC 2023-10-06 04:30:21.722295,Raw mV:0.00,0
UTC 2023-10-06 04:30:21.722328,Raw mV:0.00,0
UTC 2023-10-06 04:30:21.722363,Raw mV:0.00,0
UTC 2023-10-06 04:30:21.722396,Raw mV:0.00,0
UTC 2023-10-06 04:30:21.722443,Sampling FPS:555.56,555.56
UTC 2023-10-06 04:30:21.722476,Raw mV:0.00,0
UTC 2023-10-06 04:30:21.722507,Raw mV:0.00,0
UTC 2023-10-06 04:30:21.722539,Raw mV:0.00,0
UTC 2023-10-06 04:30:21.722572,Raw mV:0.00,0
UTC 2023-10-06 04:30:21.722606,Raw mV:0.00,0
UTC 2023-10-06 04:30:21.722653,Sampling FPS:625.00,625
UTC 2023-10-06 04:30:21.722693,Raw mV:0.00,0
UTC 2023-10-06 04:30:21.722727,Raw mV:0.00,0
UTC 2023-10-06 04:30:21.722758,Raw mV:0.00,0
UTC 2023-10-06 04:30:21.722790,Raw mV:0.00,0
UTC 2023-10-06 04:30:21.722822,Raw mV:0.00,0
UTC 2023-10-06 04:30:21.722869,Sampling FPS:555.56,555.56
UTC 2023-10-06 04:30:21.722902,Raw mV:0.00,0
UTC 2023-10-06 04:30:21.722933,Raw mV:0.00,0
UTC 2023-10-06 04:30:21.722965,Raw mV:0.00,0
UTC 2023-10-06 04:30:21.723000,Raw mV:0.00,0
UTC 2023-10-06 04:30:21.723033,Raw mV:0.00,0
UTC 2023-10-06 04:30:21.723080,Sampling FPS:625.00,625
UTC 2023-10-06 04:30:21.723114,Raw mV:0.00,0
UTC 2023-10-06 04:30:21.723146,Raw mV:0.00,0
UTC 2023-10-06 04:30:21.723176,Raw mV:0.00,0
UTC 2023-10-06 04:30:21.723209,Raw mV:0.00,0
UTC 2023-10-06 04:30:21.723240,Raw mV:0.00,0
UTC 2023-10-06 04:30:21.723286,Sampling FPS:625.00,625
UTC 2023-10-06 04:30:21.723322,Raw mV:0.00,0
UTC 2023-10-06 04:30:21.723353,Raw mV:0.00,0
UTC 2023-10-06 04:30:21.723398,Raw mV:0.00,0
UTC 2023-10-06 04:30:21.723430,Raw mV:0.00,0
UTC 2023-10-06 04:30:21.723462,Raw mV:0.00,0
UTC 2023-10-06 04:30:21.723508,Sampling FPS:555.56,555.56
UTC 2023-10-06 04:30:21.723540,Raw mV:0.00,0
UTC 2023-10-06 04:30:21.723572,Raw mV:0.00,0
UTC 2023-10-06 04:30:21.723606,Raw mV:0.00,0
UTC 2023-10-06 04:30:21.723638,Raw mV:0.00,0
UTC 2023-10-06 04:30:21.723673,Raw mV:0.00,0
UTC 2023-10-06 04:30:21.723722,Sampling FPS:625.00,625
UTC 2023-10-06 04:30:21.723754,Raw mV:0.00,0
UTC 2023-10-06 04:30:21.723787,Raw mV:0.00,0
UTC 2023-10-06 04:30:21.723819,Raw mV:0.00,0
UTC 2023-10-06 04:30:21.723852,Raw mV:0.00,0
UTC 2023-10-06 04:30:21.723883,Raw mV:0.00,0
UTC 2023-10-06 04:30:21.723930,Sampling FPS:555.56,555.56
UTC 2023-10-06 04:30:21.723964,Raw mV:0.00,0
UTC 2023-10-06 04:30:21.723998,Raw mV:0.00,0
UTC 2023-10-06 04:30:21.724030,Raw mV:0.00,0
UTC 2023-10-06 04:30:21.724063,Raw mV:0.00,0
UTC 2023-10-06 04:30:21.724096,Raw mV:0.00,0
UTC 2023-10-06 04:30:21.724142,Sampling FPS:625.00,625
UTC 2023-10-06 04:30:21.724175,Raw mV:0.00,0
UTC 2023-10-06 04:30:21.724208,Raw mV:0.00,0
UTC 2023-10-06 04:30:21.724239,Raw mV:0.00,0
UTC 2023-10-06 04:30:21.724271,Raw mV:0.00,0
UTC 2023-10-06 04:30:21.724303,Raw mV:0.00,0
UTC 2023-10-06 04:30:21.724354,Sampling FPS:555.56,555.56
UTC 2023-10-06 04:30:21.724386,Raw mV:0.00,0
UTC 2023-10-06 04:30:21.724419,Raw mV:0.00,0
UTC 2023-10-06 04:30:21.724451,Raw mV:0.00,0
UTC 2023-10-06 04:30:21.724483,Raw mV:0.00,0
UTC 2023-10-06 04:30:21.724515,Raw mV:0.00,0
UTC 2023-10-06 04:30:21.724562,Sampling FPS:625.00,625
UTC 2023-10-06 04:30:21.724595,Raw mV:0.00,0
UTC 2023-10-06 04:30:21.724627,Raw mV:0.00,0
UTC 2023-10-06 04:30:21.724664,Raw mV:0.00,0
UTC 2023-10-06 04:30:21.724696,Raw mV:0.00,0
UTC 2023-10-06 04:30:21.724728,Raw mV:0.00,0
UTC 2023-10-06 04:30:21.724774,Sampling FPS:625.00,625
UTC 2023-10-06 04:30:21.724806,Raw mV:0.00,0
UTC 2023-10-06 04:30:21.724838,Raw mV:0.00,0
UTC 2023-10-06 04:30:21.724870,Raw mV:0.00,0
UTC 2023-10-06 04:30:21.724901,Raw mV:0.00,0
UTC 2023-10-06 04:30:21.724934,Raw mV:0.00,0
UTC 2023-10-06 04:30:21.724984,Sampling FPS:555.56,555.56
UTC 2023-10-06 04:30:21.725016,Raw mV:0.00,0
UTC 2023-10-06 04:30:21.725049,Raw mV:0.00,0
UTC 2023-10-06 04:30:21.725082,Raw mV:0.00,0
UTC 2023-10-06 04:30:21.725114,Raw mV:0.00,0
UTC 2023-10-06 04:30:21.725147,Raw mV:0.00,0
UTC 2023-10-06 04:30:21.725193,Sampling FPS:625.00,625
UTC 2023-10-06 04:30:21.725225,Raw mV:0.00,0
UTC 2023-10-06 04:30:21.725257,Raw mV:0.00,0
UTC 2023-10-06 04:30:21.725293,Raw mV:0.00,0
UTC 2023-10-06 04:30:21.725324,Raw mV:0.00,0
UTC 2023-10-06 04:30:21.725356,Raw mV:0.00,0
UTC 2023-10-06 04:30:21.725402,Sampling FPS:555.56,555.56
UTC 2023-10-06 04:30:21.725433,Raw mV:0.00,0
UTC 2023-10-06 04:30:21.725464,Raw mV:0.00,0
UTC 2023-10-06 04:30:21.725497,Raw mV:0.00,0
UTC 2023-10-06 04:30:21.725530,Raw mV:0.00,0
UTC 2023-10-06 04:30:21.725560,Raw mV:0.00,0
UTC 2023-10-06 04:30:21.725608,Sampling FPS:625.00,625
UTC 2023-10-06 04:30:21.725640,Raw mV:0.00,0
UTC 2023-10-06 04:30:21.725671,Raw mV:0.00,0
UTC 2023-10-06 04:30:21.725702,Raw mV:0.00,0
UTC 2023-10-06 04:30:21.725733,Raw mV:0.00,0
UTC 2023-10-06 04:30:21.725766,Raw mV:0.00,0
UTC 2023-10-06 04:30:21.725812,Sampling FPS:625.00,625
UTC 2023-10-06 04:30:21.725844,Raw mV:0.00,0
UTC 2023-10-06 04:30:21.725876,Raw mV:0.00,0
UTC 2023-10-06 04:30:21.725908,Raw mV:0.00,0
UTC 2023-10-06 04:30:21.725943,Raw mV:0.00,0
UTC 2023-10-06 04:30:21.725975,Raw mV:0.00,0
UTC 2023-10-06 04:30:21.726021,Sampling FPS:555.56,555.56
UTC 2023-10-06 04:30:21.726052,Raw mV:0.00,0
UTC 2023-10-06 04:30:21.726083,Raw mV:0.00,0
UTC 2023-10-06 04:30:21.726115,Raw mV:0.00,0
UTC 2023-10-06 04:30:21.726146,Raw mV:0.00,0
UTC 2023-10-06 04:30:21.726176,Raw mV:0.00,0
UTC 2023-10-06 04:30:21.726232,Sampling FPS:625.00,625
UTC 2023-10-06 04:30:21.726271,Raw mV:0.00,0
UTC 2023-10-06 04:30:21.726305,Raw mV:0.00,0
UTC 2023-10-06 04:30:21.726336,Raw mV:0.00,0
UTC 2023-10-06 04:30:21.726368,Raw mV:0.00,0
UTC 2023-10-06 04:30:21.726400,Raw mV:0.00,0
UTC 2023-10-06 04:30:21.726448,Sampling FPS:555.56,555.56
UTC 2023-10-06 04:30:21.726482,Raw mV:0.00,0
UTC 2023-10-06 04:30:21.726514,Raw mV:0.00,0
UTC 2023-10-06 04:30:21.726544,Raw mV:0.00,0
UTC 2023-10-06 04:30:21.726579,Raw mV:0.00,0
UTC 2023-10-06 04:30:21.726611,Raw mV:0.00,0
UTC 2023-10-06 04:30:21.726658,Sampling FPS:625.00,625
UTC 2023-10-06 04:30:21.726691,Raw mV:0.00,0
UTC 2023-10-06 04:30:21.726722,Raw mV:0.00,0
UTC 2023-10-06 04:30:21.726753,Raw mV:0.00,0
UTC 2023-10-06 04:30:21.726785,Raw mV:0.00,0
UTC 2023-10-06 04:30:21.726816,Raw mV:0.00,0
UTC 2023-10-06 04:30:21.726864,Sampling FPS:555.56,555.56
UTC 2023-10-06 04:30:21.726900,Raw mV:0.00,0
UTC 2023-10-06 04:30:21.726931,Raw mV:0.00,0
UTC 2023-10-06 04:30:21.726962,Raw mV:0.00,0
UTC 2023-10-06 04:30:21.726994,Raw mV:0.00,0
UTC 2023-10-06 04:30:21.727027,Raw mV:0.00,0
UTC 2023-10-06 04:30:21.727073,Sampling FPS:625.00,625
UTC 2023-10-06 04:30:21.727105,Raw mV:0.00,0
UTC 2023-10-06 04:30:21.727136,Raw mV:0.00,0
UTC 2023-10-06 04:30:21.727168,Raw mV:0.00,0
UTC 2023-10-06 04:30:21.727199,Raw mV:0.00,0
UTC 2023-10-06 04:30:21.727232,Raw mV:0.00,0
UTC 2023-10-06 04:30:21.727278,Sampling FPS:625.00,625
UTC 2023-10-06 04:30:21.727310,Raw mV:0.00,0
UTC 2023-10-06 04:30:21.727341,Raw mV:0.00,0
UTC 2023-10-06 04:30:21.727373,Raw mV:0.00,0
UTC 2023-10-06 04:30:21.727403,Raw mV:0.00,0
UTC 2023-10-06 04:30:21.727435,Raw mV:0.00,0
UTC 2023-10-06 04:30:21.727481,Sampling FPS:555.56,555.56
UTC 2023-10-06 04:30:21.727514,Raw mV:0.00,0
UTC 2023-10-06 04:30:21.727549,Raw mV:0.00,0
UTC 2023-10-06 04:30:21.727581,Raw mV:0.00,0
UTC 2023-10-06 04:30:21.727612,Raw mV:0.00,0
UTC 2023-10-06 04:30:21.727643,Raw mV:0.00,0
UTC 2023-10-06 04:30:21.727689,Sampling FPS:625.00,625
UTC 2023-10-06 04:30:21.727721,Raw mV:0.00,0
UTC 2023-10-06 04:30:21.727753,Raw mV:0.00,0
UTC 2023-10-06 04:30:21.727785,Raw mV:0.00,0
UTC 2023-10-06 04:30:21.727816,Raw mV:0.00,0
UTC 2023-10-06 04:30:21.727851,Raw mV:0.00,0
UTC 2023-10-06 04:30:21.727896,Sampling FPS:555.56,555.56
UTC 2023-10-06 04:30:21.727926,Raw mV:0.00,0
UTC 2023-10-06 04:30:21.727957,Raw mV:0.00,0
UTC 2023-10-06 04:30:21.727987,Raw mV:0.00,0
UTC 2023-10-06 04:30:21.728019,Raw mV:0.00,0
UTC 2023-10-06 04:30:21.728050,Raw mV:0.00,0
UTC 2023-10-06 04:30:21.728095,Sampling FPS:625.00,625
UTC 2023-10-06 04:30:21.728127,Raw mV:0.00,0
UTC 2023-10-06 04:30:21.728162,Raw mV:0.00,0
UTC 2023-10-06 04:30:21.728194,Raw mV:0.00,0
UTC 2023-10-06 04:30:21.728225,Raw mV:0.00,0
UTC 2023-10-06 04:30:21.728256,Raw mV:0.00,0
UTC 2023-10-06 04:30:21.728301,Sampling FPS:555.56,555.56
UTC 2023-10-06 04:30:21.728333,Raw mV:0.00,0
UTC 2023-10-06 04:30:21.728364,Raw mV:0.00,0
UTC 2023-10-06 04:30:21.728396,Raw mV:0.00,0
UTC 2023-10-06 04:30:21.728427,Raw mV:0.00,0
UTC 2023-10-06 04:30:21.728459,Raw mV:0.00,0
UTC 2023-10-06 04:30:21.728512,Sampling FPS:555.56,555.56
UTC 2023-10-06 04:30:21.728545,Raw mV:0.00,0
UTC 2023-10-06 04:30:21.728579,Raw mV:0.00,0
UTC 2023-10-06 04:30:21.728613,Raw mV:0.00,0
UTC 2023-10-06 04:30:21.728646,Raw mV:0.00,0
UTC 2023-10-06 04:30:21.728678,Raw mV:0.00,0
UTC 2023-10-06 04:30:21.728726,Sampling FPS:625.00,625
UTC 2023-10-06 04:30:21.728761,Raw mV:0.00,0
UTC 2023-10-06 04:30:21.728793,Raw mV:0.00,0
UTC 2023-10-06 04:30:21.728831,Raw mV:0.00,0
UTC 2023-10-06 04:30:21.728863,Raw mV:0.00,0
UTC 2023-10-06 04:30:21.728894,Raw mV:0.00,0
UTC 2023-10-06 04:30:21.728940,Sampling FPS:555.56,555.56
UTC 2023-10-06 04:30:21.728974,Raw mV:0.00,0
UTC 2023-10-06 04:30:21.729008,Raw mV:0.00,0
UTC 2023-10-06 04:30:21.729049,Raw mV:0.00,0
UTC 2023-10-06 04:30:21.729081,Raw mV:0.00,0
UTC 2023-10-06 04:30:21.729111,Raw mV:0.00,0
UTC 2023-10-06 04:30:21.729161,Sampling FPS:625.00,625
UTC 2023-10-06 04:30:21.729193,Raw mV:0.00,0
UTC 2023-10-06 04:30:21.729225,Raw mV:0.00,0
UTC 2023-10-06 04:30:21.729256,Raw mV:0.00,0
UTC 2023-10-06 04:30:21.729288,Raw mV:0.00,0
UTC 2023-10-06 04:30:21.729319,Raw mV:0.00,0
UTC 2023-10-06 04:30:21.729365,Sampling FPS:555.56,555.56
UTC 2023-10-06 04:30:21.729397,Raw mV:0.00,0
UTC 2023-10-06 04:30:21.729429,Raw mV:0.00,0
UTC 2023-10-06 04:30:21.729488,Raw mV:0.00,0
UTC 2023-10-06 04:30:21.729522,Raw mV:0.00,0
UTC 2023-10-06 04:30:21.729554,Raw mV:0.00,0
UTC 2023-10-06 04:30:21.729599,Sampling FPS:625.00,625
UTC 2023-10-06 04:30:21.729631,Raw mV:0.00,0
UTC 2023-10-06 04:30:21.729663,Raw mV:0.00,0
UTC 2023-10-06 04:30:21.729693,Raw mV:0.00,0
UTC 2023-10-06 04:30:21.729723,Raw mV:0.00,0
UTC 2023-10-06 04:30:21.729754,Raw mV:0.00,0
UTC 2023-10-06 04:30:21.729802,Sampling FPS:625.00,625
UTC 2023-10-06 04:30:21.729833,Raw mV:0.00,0
UTC 2023-10-06 04:30:21.729862,Raw mV:0.00,0
UTC 2023-10-06 04:30:21.729891,Raw mV:0.00,0
UTC 2023-10-06 04:30:21.729920,Raw mV:0.00,0
UTC 2023-10-06 04:30:21.729949,Raw mV:0.00,0
UTC 2023-10-06 04:30:21.729992,Sampling FPS:555.56,555.56
UTC 2023-10-06 04:30:21.730021,Raw mV:0.00,0
UTC 2023-10-06 04:30:21.730050,Raw mV:0.00,0
UTC 2023-10-06 04:30:21.730080,Raw mV:0.00,0
UTC 2023-10-06 04:30:21.730112,Raw mV:0.00,0
UTC 2023-10-06 04:30:21.730142,Raw mV:0.00,0
UTC 2023-10-06 04:30:21.730185,Sampling FPS:625.00,625
UTC 2023-10-06 04:30:21.730215,Raw mV:0.00,0
UTC 2023-10-06 04:30:21.730245,Raw mV:0.00,0
UTC 2023-10-06 04:30:21.730275,Raw mV:0.00,0
UTC 2023-10-06 04:30:21.730304,Raw mV:0.00,0
UTC 2023-10-06 04:30:21.730333,Raw mV:0.00,0
UTC 2023-10-06 04:30:21.730376,Sampling FPS:555.56,555.56
UTC 2023-10-06 04:30:21.730409,Raw mV:0.00,0
UTC 2023-10-06 04:30:21.730439,Raw mV:0.00,0
UTC 2023-10-06 04:30:21.730470,Raw mV:0.00,0
UTC 2023-10-06 04:30:21.730500,Raw mV:0.00,0
UTC 2023-10-06 04:30:21.730531,Raw mV:0.00,0
UTC 2023-10-06 04:30:21.730573,Sampling FPS:625.00,625
UTC 2023-10-06 04:30:21.730602,Raw mV:0.00,0
UTC 2023-10-06 04:30:21.730631,Raw mV:0.00,0
UTC 2023-10-06 04:30:21.730659,Raw mV:0.00,0
UTC 2023-10-06 04:30:21.730692,Raw mV:0.00,0
UTC 2023-10-06 04:30:21.730721,Raw mV:0.00,0
UTC 2023-10-06 04:30:21.730763,Sampling FPS:555.56,555.56
UTC 2023-10-06 04:30:21.730792,Raw mV:0.00,0
UTC 2023-10-06 04:30:21.730859,Raw mV:0.00,0
UTC 2023-10-06 04:30:21.730906,Raw mV:0.00,0
UTC 2023-10-06 04:30:21.730943,Raw mV:0.00,0
UTC 2023-10-06 04:30:21.730977,Raw mV:0.00,0
UTC 2023-10-06 04:30:21.731023,Sampling FPS:555.56,555.56
UTC 2023-10-06 04:30:21.731062,Raw mV:0.00,0
UTC 2023-10-06 04:30:21.731096,Raw mV:0.00,0
UTC 2023-10-06 04:30:21.731129,Raw mV:0.00,0
UTC 2023-10-06 04:30:21.731161,Raw mV:0.00,0
UTC 2023-10-06 04:30:21.731194,Raw mV:0.00,0
UTC 2023-10-06 04:30:21.731241,Sampling FPS:625.00,625
UTC 2023-10-06 04:30:21.731274,Raw mV:0.00,0
UTC 2023-10-06 04:30:21.731306,Raw mV:0.00,0
UTC 2023-10-06 04:30:21.731337,Raw mV:0.00,0
UTC 2023-10-06 04:30:21.731369,Raw mV:0.00,0
UTC 2023-10-06 04:30:21.731405,Raw mV:0.00,0
UTC 2023-10-06 04:30:21.731450,Sampling FPS:555.56,555.56
UTC 2023-10-06 04:30:21.731483,Raw mV:0.00,0
UTC 2023-10-06 04:30:21.731516,Raw mV:0.00,0
UTC 2023-10-06 04:30:21.731547,Raw mV:0.00,0
UTC 2023-10-06 04:30:21.731581,Raw mV:0.00,0
UTC 2023-10-06 04:30:21.731611,Raw mV:0.00,0
UTC 2023-10-06 04:30:21.731654,Sampling FPS:625.00,625
UTC 2023-10-06 04:30:21.731686,Raw mV:0.00,0
UTC 2023-10-06 04:30:21.731721,Raw mV:0.00,0
UTC 2023-10-06 04:30:21.731752,Raw mV:0.00,0
UTC 2023-10-06 04:30:21.731783,Raw mV:0.00,0
UTC 2023-10-06 04:30:21.731827,Raw mV:0.00,0
UTC 2023-10-06 04:30:21.731874,Sampling FPS:555.56,555.56
UTC 2023-10-06 04:30:21.731907,Raw mV:0.00,0
UTC 2023-10-06 04:30:21.731939,Raw mV:0.00,0
UTC 2023-10-06 04:30:21.731969,Raw mV:0.00,0
UTC 2023-10-06 04:30:21.732001,Raw mV:0.00,0
UTC 2023-10-06 04:30:21.732033,Raw mV:0.00,0
UTC 2023-10-06 04:30:21.732076,Sampling FPS:625.00,625
UTC 2023-10-06 04:30:21.732106,Raw mV:0.00,0
UTC 2023-10-06 04:30:21.732137,Raw mV:0.00,0
UTC 2023-10-06 04:30:21.732168,Raw mV:0.00,0
UTC 2023-10-06 04:30:21.732199,Raw mV:0.00,0
UTC 2023-10-06 04:30:21.732229,Raw mV:0.00,0
UTC 2023-10-06 04:30:21.732272,Sampling FPS:625.00,625
UTC 2023-10-06 04:30:21.732302,Raw mV:0.00,0
UTC 2023-10-06 04:30:21.732336,Raw mV:0.00,0
UTC 2023-10-06 04:30:21.732368,Raw mV:0.00,0
UTC 2023-10-06 04:30:21.732398,Raw mV:0.00,0
UTC 2023-10-06 04:30:21.732429,Raw mV:0.00,0
UTC 2023-10-06 04:30:21.732473,Sampling FPS:555.56,555.56
UTC 2023-10-06 04:30:21.732502,Raw mV:0.00,0
UTC 2023-10-06 04:30:21.732555,Raw mV:0.00,0
UTC 2023-10-06 04:30:21.732602,Raw mV:0.00,0
UTC 2023-10-06 04:30:21.732637,Raw mV:0.00,0
UTC 2023-10-06 04:30:21.732671,Raw mV:0.00,0
UTC 2023-10-06 04:30:21.732723,Sampling FPS:625.00,625
UTC 2023-10-06 04:30:21.732754,Raw mV:0.00,0
UTC 2023-10-06 04:30:21.732785,Raw mV:0.00,0
UTC 2023-10-06 04:30:21.732816,Raw mV:0.00,0
UTC 2023-10-06 04:30:21.732850,Raw mV:0.00,0
UTC 2023-10-06 04:30:21.732880,Raw mV:0.00,0
UTC 2023-10-06 04:30:21.732924,Sampling FPS:555.56,555.56
UTC 2023-10-06 04:30:21.732955,Raw mV:0.00,0
UTC 2023-10-06 04:30:21.732987,Raw mV:0.00,0
UTC 2023-10-06 04:30:21.733022,Raw mV:0.00,0
UTC 2023-10-06 04:30:21.733052,Raw mV:0.00,0
UTC 2023-10-06 04:30:21.733082,Raw mV:0.00,0
UTC 2023-10-06 04:30:21.733129,Sampling FPS:625.00,625
UTC 2023-10-06 04:30:21.733161,Raw mV:0.00,0
UTC 2023-10-06 04:30:21.733201,Raw mV:0.00,0
UTC 2023-10-06 04:30:21.733233,Raw mV:0.00,0
UTC 2023-10-06 04:30:21.733263,Raw mV:0.00,0
UTC 2023-10-06 04:30:21.733294,Raw mV:0.00,0
UTC 2023-10-06 04:30:21.733342,Sampling FPS:555.56,555.56
UTC 2023-10-06 04:30:21.733376,Raw mV:0.00,0
UTC 2023-10-06 04:30:21.733407,Raw mV:0.00,0
UTC 2023-10-06 04:30:21.733437,Raw mV:0.00,0
UTC 2023-10-06 04:30:21.733468,Raw mV:0.00,0
UTC 2023-10-06 04:30:21.733499,Raw mV:0.00,0
UTC 2023-10-06 04:30:21.733545,Sampling FPS:625.00,625
UTC 2023-10-06 04:30:21.733578,Raw mV:0.00,0
UTC 2023-10-06 04:30:21.733607,Raw mV:0.00,0
UTC 2023-10-06 04:30:21.733638,Raw mV:0.00,0
UTC 2023-10-06 04:30:21.733673,Raw mV:0.00,0
UTC 2023-10-06 04:30:21.733703,Raw mV:0.00,0
UTC 2023-10-06 04:30:21.733747,Sampling FPS:625.00,625
UTC 2023-10-06 04:30:21.733777,Raw mV:0.00,0
UTC 2023-10-06 04:30:21.733808,Raw mV:0.00,0
UTC 2023-10-06 04:30:21.733837,Raw mV:0.00,0
UTC 2023-10-06 04:30:21.733866,Raw mV:0.00,0
UTC 2023-10-06 04:30:21.733897,Raw mV:0.00,0
UTC 2023-10-06 04:30:21.733945,Sampling FPS:555.56,555.56
UTC 2023-10-06 04:30:21.733975,Raw mV:0.00,0
UTC 2023-10-06 04:30:21.734004,Raw mV:0.00,0
UTC 2023-10-06 04:30:21.734033,Raw mV:0.00,0
UTC 2023-10-06 04:30:21.734062,Raw mV:0.00,0
UTC 2023-10-06 04:30:21.734091,Raw mV:0.00,0
UTC 2023-10-06 04:30:21.734134,Sampling FPS:625.00,625
UTC 2023-10-06 04:30:21.734163,Raw mV:0.00,0
UTC 2023-10-06 04:30:21.734194,Raw mV:0.00,0
UTC 2023-10-06 04:30:21.734223,Raw mV:0.00,0
UTC 2023-10-06 04:30:21.734260,Raw mV:0.00,0
UTC 2023-10-06 04:30:21.734289,Raw mV:0.00,0
UTC 2023-10-06 04:30:21.734332,Sampling FPS:555.56,555.56
UTC 2023-10-06 04:30:21.734361,Raw mV:0.00,0
UTC 2023-10-06 04:30:21.734392,Raw mV:0.00,0
UTC 2023-10-06 04:30:21.734422,Raw mV:0.00,0
UTC 2023-10-06 04:30:21.734452,Raw mV:0.00,0
UTC 2023-10-06 04:30:21.734482,Raw mV:0.00,0
UTC 2023-10-06 04:30:21.734525,Sampling FPS:625.00,625
UTC 2023-10-06 04:30:21.734561,Raw mV:0.00,0
UTC 2023-10-06 04:30:21.734610,Raw mV:0.00,0
UTC 2023-10-06 04:30:21.734642,Raw mV:0.00,0
UTC 2023-10-06 04:30:21.734672,Raw mV:0.00,0
UTC 2023-10-06 04:30:21.734702,Raw mV:0.00,0
UTC 2023-10-06 04:30:21.734745,Sampling FPS:625.00,625
UTC 2023-10-06 04:30:21.734775,Raw mV:0.00,0
UTC 2023-10-06 04:30:21.734805,Raw mV:0.00,0
UTC 2023-10-06 04:30:21.734834,Raw mV:0.00,0
UTC 2023-10-06 04:30:21.734864,Raw mV:0.00,0
UTC 2023-10-06 04:30:21.734897,Raw mV:0.00,0
UTC 2023-10-06 04:30:21.734939,Sampling FPS:555.56,555.56
UTC 2023-10-06 04:30:21.734968,Raw mV:0.00,0
UTC 2023-10-06 04:30:21.734998,Raw mV:0.00,0
UTC 2023-10-06 04:30:21.735029,Raw mV:0.00,0
UTC 2023-10-06 04:30:21.735059,Raw mV:0.00,0
UTC 2023-10-06 04:30:21.735088,Raw mV:0.00,0
UTC 2023-10-06 04:30:21.735132,Sampling FPS:625.00,625
UTC 2023-10-06 04:30:21.735161,Raw mV:0.00,0
UTC 2023-10-06 04:30:21.735195,Raw mV:0.00,0
UTC 2023-10-06 04:30:21.735225,Raw mV:0.00,0
UTC 2023-10-06 04:30:21.735254,Raw mV:0.00,0
UTC 2023-10-06 04:30:21.735283,Raw mV:0.00,0
UTC 2023-10-06 04:30:21.735326,Sampling FPS:555.56,555.56
UTC 2023-10-06 04:30:21.735355,Raw mV:0.00,0
UTC 2023-10-06 04:30:21.735385,Raw mV:0.00,0
UTC 2023-10-06 04:30:21.735415,Raw mV:0.00,0
UTC 2023-10-06 04:30:21.735445,Raw mV:0.00,0
UTC 2023-10-06 04:30:21.735477,Raw mV:0.00,0
UTC 2023-10-06 04:30:21.735521,Sampling FPS:625.00,625
UTC 2023-10-06 04:30:21.735550,Raw mV:0.00,0
UTC 2023-10-06 04:30:21.735580,Raw mV:0.00,0
UTC 2023-10-06 04:30:21.735609,Raw mV:0.00,0
UTC 2023-10-06 04:30:21.735637,Raw mV:0.00,0
UTC 2023-10-06 04:30:21.735719,Raw mV:0.00,0
UTC 2023-10-06 04:30:21.735779,Sampling FPS:555.56,555.56
UTC 2023-10-06 04:30:21.735811,Raw mV:0.00,0
UTC 2023-10-06 04:30:21.735845,Raw mV:0.00,0
UTC 2023-10-06 04:30:21.735875,Raw mV:0.00,0
UTC 2023-10-06 04:30:21.735904,Raw mV:0.00,0
UTC 2023-10-06 04:30:21.735934,Raw mV:0.00,0
UTC 2023-10-06 04:30:21.735978,Sampling FPS:625.00,625
UTC 2023-10-06 04:30:21.736010,Raw mV:0.00,0
UTC 2023-10-06 04:30:21.736040,Raw mV:0.00,0
UTC 2023-10-06 04:30:21.736070,Raw mV:0.00,0
UTC 2023-10-06 04:30:21.736100,Raw mV:0.00,0
UTC 2023-10-06 04:30:21.736129,Raw mV:0.00,0
UTC 2023-10-06 04:30:21.736180,Sampling FPS:625.00,625
UTC 2023-10-06 04:30:21.736212,Raw mV:0.00,0
UTC 2023-10-06 04:30:21.736244,Raw mV:0.00,0
UTC 2023-10-06 04:30:21.736274,Raw mV:0.00,0
UTC 2023-10-06 04:30:21.736305,Raw mV:0.00,0
UTC 2023-10-06 04:30:21.736336,Raw mV:0.00,0
UTC 2023-10-06 04:30:21.736382,Sampling FPS:555.56,555.56
UTC 2023-10-06 04:30:21.736412,Raw mV:0.00,0
UTC 2023-10-06 04:30:21.736444,Raw mV:0.00,0
UTC 2023-10-06 04:30:21.736479,Raw mV:0.00,0
UTC 2023-10-06 04:30:21.736511,Raw mV:0.00,0
UTC 2023-10-06 04:30:21.736539,Raw mV:0.00,0
UTC 2023-10-06 04:30:21.736581,Sampling FPS:625.00,625
UTC 2023-10-06 04:30:21.736610,Raw mV:0.00,0
UTC 2023-10-06 04:30:21.736639,Raw mV:0.00,0
UTC 2023-10-06 04:30:21.736669,Raw mV:0.00,0
UTC 2023-10-06 04:30:21.736700,Raw mV:0.00,0
UTC 2023-10-06 04:30:21.736732,Raw mV:0.00,0
UTC 2023-10-06 04:30:21.736781,Sampling FPS:555.56,555.56
UTC 2023-10-06 04:30:21.736814,Raw mV:0.00,0
UTC 2023-10-06 04:30:21.736845,Raw mV:0.00,0
UTC 2023-10-06 04:30:21.736876,Raw mV:0.00,0
UTC 2023-10-06 04:30:21.736906,Raw mV:0.00,0
UTC 2023-10-06 04:30:21.736937,Raw mV:0.00,0
UTC 2023-10-06 04:30:21.736979,Sampling FPS:625.00,625
UTC 2023-10-06 04:30:21.737010,Raw mV:0.00,0
UTC 2023-10-06 04:30:21.737043,Raw mV:0.00,0
UTC 2023-10-06 04:30:21.737071,Raw mV:0.00,0
UTC 2023-10-06 04:30:21.737118,Raw mV:0.00,0
UTC 2023-10-06 04:30:21.737154,Raw mV:0.00,0
UTC 2023-10-06 04:30:21.737199,Sampling FPS:555.56,555.56
UTC 2023-10-06 04:30:21.737229,Raw mV:0.00,0
UTC 2023-10-06 04:30:21.737259,Raw mV:0.00,0
UTC 2023-10-06 04:30:21.737289,Raw mV:0.00,0
UTC 2023-10-06 04:30:21.737319,Raw mV:0.00,0
UTC 2023-10-06 04:30:21.737358,Raw mV:0.00,0
UTC 2023-10-06 04:30:21.737405,Sampling FPS:555.56,555.56
UTC 2023-10-06 04:30:21.737437,Raw mV:0.00,0
UTC 2023-10-06 04:30:21.737466,Raw mV:0.00,0
UTC 2023-10-06 04:30:21.737496,Raw mV:0.00,0
UTC 2023-10-06 04:30:21.737528,Raw mV:0.00,0
UTC 2023-10-06 04:30:21.737558,Raw mV:0.00,0
UTC 2023-10-06 04:30:21.737603,Sampling FPS:625.00,625
UTC 2023-10-06 04:30:21.737633,Raw mV:0.00,0
UTC 2023-10-06 04:30:21.737664,Raw mV:0.00,0
UTC 2023-10-06 04:30:21.737694,Raw mV:0.00,0
UTC 2023-10-06 04:30:21.737728,Raw mV:0.00,0
UTC 2023-10-06 04:30:21.737758,Raw mV:0.00,0
UTC 2023-10-06 04:30:21.737801,Sampling FPS:555.56,555.56
UTC 2023-10-06 04:30:21.737832,Raw mV:0.00,0
UTC 2023-10-06 04:30:21.737862,Raw mV:0.00,0
UTC 2023-10-06 04:30:21.737892,Raw mV:0.00,0
UTC 2023-10-06 04:30:21.737921,Raw mV:0.00,0
UTC 2023-10-06 04:30:21.737951,Raw mV:0.00,0
UTC 2023-10-06 04:30:21.737996,Sampling FPS:625.00,625
UTC 2023-10-06 04:30:21.738040,Raw mV:0.00,0
UTC 2023-10-06 04:30:21.738070,Raw mV:0.00,0
UTC 2023-10-06 04:30:21.738100,Raw mV:0.00,0
UTC 2023-10-06 04:30:21.738130,Raw mV:0.00,0
UTC 2023-10-06 04:30:21.738160,Raw mV:0.00,0
UTC 2023-10-06 04:30:21.738202,Sampling FPS:555.56,555.56
UTC 2023-10-06 04:30:21.738233,Raw mV:0.00,0
UTC 2023-10-06 04:30:21.738262,Raw mV:0.00,0
UTC 2023-10-06 04:30:21.738294,Raw mV:0.00,0
UTC 2023-10-06 04:30:21.738329,Raw mV:0.00,0
UTC 2023-10-06 04:30:21.738359,Raw mV:0.00,0
UTC 2023-10-06 04:30:21.738402,Sampling FPS:625.00,625
UTC 2023-10-06 04:30:21.738431,Raw mV:0.00,0
UTC 2023-10-06 04:30:21.738462,Raw mV:0.00,0
UTC 2023-10-06 04:30:21.738492,Raw mV:0.00,0
UTC 2023-10-06 04:30:21.738524,Raw mV:0.00,0
UTC 2023-10-06 04:30:21.738555,Raw mV:0.00,0
UTC 2023-10-06 04:30:21.738598,Sampling FPS:625.00,625
UTC 2023-10-06 04:30:21.738633,Raw mV:0.00,0
UTC 2023-10-06 04:30:21.738663,Raw mV:0.00,0
UTC 2023-10-06 04:30:21.738692,Raw mV:0.00,0
UTC 2023-10-06 04:30:21.738722,Raw mV:0.00,0
UTC 2023-10-06 04:30:21.738750,Raw mV:0.00,0
UTC 2023-10-06 04:30:21.738793,Sampling FPS:555.56,555.56
UTC 2023-10-06 04:30:21.738823,Raw mV:0.00,0
UTC 2023-10-06 04:30:21.738853,Raw mV:0.00,0
UTC 2023-10-06 04:30:21.738882,Raw mV:0.00,0
UTC 2023-10-06 04:30:21.738912,Raw mV:0.00,0
UTC 2023-10-06 04:30:21.738945,Raw mV:0.00,0
UTC 2023-10-06 04:30:21.738988,Sampling FPS:625.00,625
UTC 2023-10-06 04:30:21.739017,Raw mV:0.00,0
UTC 2023-10-06 04:30:21.739049,Raw mV:0.00,0
UTC 2023-10-06 04:30:21.739079,Raw mV:0.00,0
UTC 2023-10-06 04:30:21.739110,Raw mV:0.00,0
UTC 2023-10-06 04:30:21.739139,Raw mV:0.00,0
UTC 2023-10-06 04:30:21.739181,Sampling FPS:555.56,555.56
UTC 2023-10-06 04:30:21.739210,Raw mV:0.00,0
UTC 2023-10-06 04:30:21.739245,Raw mV:0.00,0
UTC 2023-10-06 04:30:21.739276,Raw mV:0.00,0
UTC 2023-10-06 04:30:21.739305,Raw mV:0.00,0
UTC 2023-10-06 04:30:21.739336,Raw mV:0.00,0
UTC 2023-10-06 04:30:21.739379,Sampling FPS:625.00,625
UTC 2023-10-06 04:30:21.739408,Raw mV:0.00,0
UTC 2023-10-06 04:30:21.739437,Raw mV:0.00,0
UTC 2023-10-06 04:30:21.739468,Raw mV:0.00,0
UTC 2023-10-06 04:30:21.739498,Raw mV:0.00,0
UTC 2023-10-06 04:30:21.739530,Raw mV:0.00,0
UTC 2023-10-06 04:30:21.739590,Sampling FPS:555.56,555.56
UTC 2023-10-06 04:30:21.739631,Raw mV:0.00,0
UTC 2023-10-06 04:30:21.739664,Raw mV:0.00,0
UTC 2023-10-06 04:30:21.739694,Raw mV:0.00,0
UTC 2023-10-06 04:30:21.739725,Raw mV:0.00,0
UTC 2023-10-06 04:30:21.739753,Raw mV:0.00,0
UTC 2023-10-06 04:30:21.739795,Sampling FPS:625.00,625
UTC 2023-10-06 04:30:21.739822,Raw mV:0.00,0
UTC 2023-10-06 04:30:21.739851,Raw mV:0.00,0
UTC 2023-10-06 04:30:21.739883,Raw mV:0.00,0
UTC 2023-10-06 04:30:21.739912,Raw mV:0.00,0
UTC 2023-10-06 04:30:21.739940,Raw mV:0.00,0
UTC 2023-10-06 04:30:21.739983,Sampling FPS:625.00,625
UTC 2023-10-06 04:30:21.740011,Raw mV:0.00,0
UTC 2023-10-06 04:30:21.740047,Raw mV:0.00,0
UTC 2023-10-06 04:30:21.740076,Raw mV:0.00,0
UTC 2023-10-06 04:30:21.740104,Raw mV:0.00,0
UTC 2023-10-06 04:30:21.740132,Raw mV:0.00,0
UTC 2023-10-06 04:30:21.740173,Sampling FPS:555.56,555.56
UTC 2023-10-06 04:30:21.740202,Raw mV:0.00,0
UTC 2023-10-06 04:30:21.740230,Raw mV:0.00,0
UTC 2023-10-06 04:30:21.740258,Raw mV:0.00,0
UTC 2023-10-06 04:30:21.740286,Raw mV:0.00,0
UTC 2023-10-06 04:30:21.740313,Raw mV:0.00,0
UTC 2023-10-06 04:30:21.740353,Sampling FPS:625.00,625
UTC 2023-10-06 04:30:21.740382,Raw mV:0.00,0
UTC 2023-10-06 04:30:21.740410,Raw mV:0.00,0
UTC 2023-10-06 04:30:21.740437,Raw mV:0.00,0
UTC 2023-10-06 04:30:21.740467,Raw mV:0.00,0
UTC 2023-10-06 04:30:21.740496,Raw mV:0.00,0
UTC 2023-10-06 04:30:21.740535,Sampling FPS:555.56,555.56
UTC 2023-10-06 04:30:21.740562,Raw mV:0.00,0
UTC 2023-10-06 04:30:21.740588,Raw mV:0.00,0
UTC 2023-10-06 04:30:21.740615,Raw mV:0.00,0
UTC 2023-10-06 04:30:21.740642,Raw mV:0.00,0
UTC 2023-10-06 04:30:21.740668,Raw mV:0.00,0
UTC 2023-10-06 04:30:21.740708,Sampling FPS:625.00,625
UTC 2023-10-06 04:30:21.740738,Raw mV:0.00,0
UTC 2023-10-06 04:30:21.740769,Raw mV:0.00,0
UTC 2023-10-06 04:30:21.740797,Raw mV:0.00,0
UTC 2023-10-06 04:30:21.740825,Raw mV:0.00,0
UTC 2023-10-06 04:30:21.740853,Raw mV:0.00,0
UTC 2023-10-06 04:30:21.740894,Sampling FPS:555.56,555.56
UTC 2023-10-06 04:30:21.740922,Raw mV:0.00,0
UTC 2023-10-06 04:30:21.740951,Raw mV:0.00,0
UTC 2023-10-06 04:30:21.740978,Raw mV:0.00,0
UTC 2023-10-06 04:30:21.741006,Raw mV:0.00,0
UTC 2023-10-06 04:30:21.741035,Raw mV:0.00,0
UTC 2023-10-06 04:30:21.741075,Sampling FPS:555.56,555.56
UTC 2023-10-06 04:30:21.741103,Raw mV:0.00,0
UTC 2023-10-06 04:30:21.741130,Raw mV:0.00,0
UTC 2023-10-06 04:30:21.741158,Raw mV:0.00,0
UTC 2023-10-06 04:30:21.741185,Raw mV:0.00,0
UTC 2023-10-06 04:30:21.741214,Raw mV:0.00,0
UTC 2023-10-06 04:30:21.741254,Sampling FPS:625.00,625
UTC 2023-10-06 04:30:21.741281,Raw mV:0.00,0
UTC 2023-10-06 04:30:21.741311,Raw mV:0.00,0
UTC 2023-10-06 04:30:21.741341,Raw mV:0.00,0
UTC 2023-10-06 04:30:21.741368,Raw mV:0.00,0
UTC 2023-10-06 04:30:21.741396,Raw mV:0.00,0
UTC 2023-10-06 04:30:21.741436,Sampling FPS:555.56,555.56
UTC 2023-10-06 04:30:21.741463,Raw mV:0.00,0
UTC 2023-10-06 04:30:21.741491,Raw mV:0.00,0
UTC 2023-10-06 04:30:21.741518,Raw mV:0.00,0
UTC 2023-10-06 04:30:21.741545,Raw mV:0.00,0
UTC 2023-10-06 04:30:21.741571,Raw mV:0.00,0
UTC 2023-10-06 04:30:21.741614,Sampling FPS:625.00,625
UTC 2023-10-06 04:30:21.741643,Raw mV:0.00,0
UTC 2023-10-06 04:30:21.741670,Raw mV:0.00,0
UTC 2023-10-06 04:30:21.741699,Raw mV:0.00,0
UTC 2023-10-06 04:30:21.741726,Raw mV:0.00,0
UTC 2023-10-06 04:30:21.741755,Raw mV:0.00,0
UTC 2023-10-06 04:30:21.741794,Sampling FPS:555.56,555.56
UTC 2023-10-06 04:30:21.741821,Raw mV:0.00,0
UTC 2023-10-06 04:30:21.741851,Raw mV:0.00,0
UTC 2023-10-06 04:30:21.741883,Raw mV:0.00,0
UTC 2023-10-06 04:30:21.741912,Raw mV:0.00,0
UTC 2023-10-06 04:30:21.741941,Raw mV:0.00,0
UTC 2023-10-06 04:30:21.741980,Sampling FPS:625.00,625
UTC 2023-10-06 04:30:21.742007,Raw mV:0.00,0
UTC 2023-10-06 04:30:21.742035,Raw mV:0.00,0
UTC 2023-10-06 04:30:21.742062,Raw mV:0.00,0
UTC 2023-10-06 04:30:21.742090,Raw mV:0.00,0
UTC 2023-10-06 04:30:21.742120,Raw mV:0.00,0
UTC 2023-10-06 04:30:21.742163,Sampling FPS:625.00,625
UTC 2023-10-06 04:30:21.742191,Raw mV:0.00,0
UTC 2023-10-06 04:30:21.742219,Raw mV:0.00,0
UTC 2023-10-06 04:30:21.742246,Raw mV:0.00,0
UTC 2023-10-06 04:30:21.742275,Raw mV:0.00,0
UTC 2023-10-06 04:30:21.742303,Raw mV:0.00,0
UTC 2023-10-06 04:30:21.742343,Sampling FPS:555.56,555.56
UTC 2023-10-06 04:30:21.742373,Raw mV:0.00,0
UTC 2023-10-06 04:30:21.742401,Raw mV:0.00,0
UTC 2023-10-06 04:30:21.742430,Raw mV:0.00,0
UTC 2023-10-06 04:30:21.742461,Raw mV:0.00,0
UTC 2023-10-06 04:30:21.742496,Raw mV:0.00,0
UTC 2023-10-06 04:30:21.742537,Sampling FPS:625.00,625
UTC 2023-10-06 04:30:21.742564,Raw mV:0.00,0
UTC 2023-10-06 04:30:21.742592,Raw mV:0.00,0
UTC 2023-10-06 04:30:21.742622,Raw mV:0.00,0
UTC 2023-10-06 04:30:21.742650,Raw mV:0.00,0
UTC 2023-10-06 04:30:21.742678,Raw mV:0.00,0
UTC 2023-10-06 04:30:21.742720,Sampling FPS:555.56,555.56
UTC 2023-10-06 04:30:21.742754,Raw mV:0.00,0
UTC 2023-10-06 04:30:21.742783,Raw mV:0.00,0
UTC 2023-10-06 04:30:21.742813,Raw mV:0.00,0
UTC 2023-10-06 04:30:21.742842,Raw mV:0.00,0
UTC 2023-10-06 04:30:21.742869,Raw mV:0.00,0
UTC 2023-10-06 04:30:21.742911,Sampling FPS:625.00,625
UTC 2023-10-06 04:30:21.742940,Raw mV:0.00,0
UTC 2023-10-06 04:30:21.742968,Raw mV:0.00,0
UTC 2023-10-06 04:30:21.742997,Raw mV:0.00,0
UTC 2023-10-06 04:30:21.743029,Raw mV:0.00,0
UTC 2023-10-06 04:30:21.743057,Raw mV:0.00,0
UTC 2023-10-06 04:30:21.743097,Sampling FPS:555.56,555.56
UTC 2023-10-06 04:30:21.743124,Raw mV:0.00,0
UTC 2023-10-06 04:30:21.743154,Raw mV:0.00,0
UTC 2023-10-06 04:30:21.743182,Raw mV:0.00,0
UTC 2023-10-06 04:30:21.743209,Raw mV:0.00,0
UTC 2023-10-06 04:30:21.743238,Raw mV:0.00,0
UTC 2023-10-06 04:30:21.743278,Sampling FPS:625.00,625
UTC 2023-10-06 04:30:21.743308,Raw mV:0.00,0
UTC 2023-10-06 04:30:21.743335,Raw mV:0.00,0
UTC 2023-10-06 04:30:21.743363,Raw mV:0.00,0
UTC 2023-10-06 04:30:21.743392,Raw mV:0.00,0
UTC 2023-10-06 04:30:21.743419,Raw mV:0.00,0
UTC 2023-10-06 04:30:21.743461,Sampling FPS:625.00,625
UTC 2023-10-06 04:30:21.743489,Raw mV:0.00,0
UTC 2023-10-06 04:30:21.743517,Raw mV:0.00,0
UTC 2023-10-06 04:30:21.743545,Raw mV:0.00,0
UTC 2023-10-06 04:30:21.743574,Raw mV:0.00,0
UTC 2023-10-06 04:30:21.743607,Raw mV:0.00,0
UTC 2023-10-06 04:30:21.743648,Sampling FPS:555.56,555.56
UTC 2023-10-06 04:30:21.743678,Raw mV:0.00,0
UTC 2023-10-06 04:30:21.743707,Raw mV:0.00,0
UTC 2023-10-06 04:30:21.743737,Raw mV:0.00,0
UTC 2023-10-06 04:30:21.743766,Raw mV:0.00,0
UTC 2023-10-06 04:30:21.743797,Raw mV:0.00,0
UTC 2023-10-06 04:30:21.743841,Sampling FPS:625.00,625
UTC 2023-10-06 04:30:21.743869,Raw mV:0.00,0
UTC 2023-10-06 04:30:21.743904,Raw mV:0.00,0
UTC 2023-10-06 04:30:21.743933,Raw mV:0.00,0
UTC 2023-10-06 04:30:21.743963,Raw mV:0.00,0
UTC 2023-10-06 04:30:21.743993,Raw mV:0.00,0
UTC 2023-10-06 04:30:21.744035,Sampling FPS:555.56,555.56
UTC 2023-10-06 04:30:21.744063,Raw mV:0.00,0
UTC 2023-10-06 04:30:21.744091,Raw mV:0.00,0
UTC 2023-10-06 04:30:21.744120,Raw mV:0.00,0
UTC 2023-10-06 04:30:21.744149,Raw mV:0.00,0
UTC 2023-10-06 04:30:21.744176,Raw mV:0.00,0
UTC 2023-10-06 04:30:21.744221,Sampling FPS:625.00,625
UTC 2023-10-06 04:30:21.744251,Raw mV:0.00,0
UTC 2023-10-06 04:30:21.744280,Raw mV:0.00,0
UTC 2023-10-06 04:30:21.744308,Raw mV:0.00,0
UTC 2023-10-06 04:30:21.744336,Raw mV:0.00,0
UTC 2023-10-06 04:30:21.744366,Raw mV:0.00,0
UTC 2023-10-06 04:30:21.744406,Sampling FPS:555.56,555.56
UTC 2023-10-06 04:30:21.744434,Raw mV:0.00,0
UTC 2023-10-06 04:30:21.744462,Raw mV:0.00,0
UTC 2023-10-06 04:30:21.744493,Raw mV:0.00,0
UTC 2023-10-06 04:30:21.744522,Raw mV:0.00,0
UTC 2023-10-06 04:30:21.744549,Raw mV:0.00,0
UTC 2023-10-06 04:30:21.744589,Sampling FPS:555.56,555.56
UTC 2023-10-06 04:30:21.744617,Raw mV:0.00,0
UTC 2023-10-06 04:30:21.744645,Raw mV:0.00,0
UTC 2023-10-06 04:30:21.744673,Raw mV:0.00,0
UTC 2023-10-06 04:30:21.744703,Raw mV:0.00,0
UTC 2023-10-06 04:30:21.744732,Raw mV:0.00,0
UTC 2023-10-06 04:30:21.744774,Sampling FPS:625.00,625
UTC 2023-10-06 04:30:21.744802,Raw mV:0.00,0
UTC 2023-10-06 04:30:21.744830,Raw mV:0.00,0
UTC 2023-10-06 04:30:21.744858,Raw mV:0.00,0
UTC 2023-10-06 04:30:21.744888,Raw mV:0.00,0
UTC 2023-10-06 04:30:21.744917,Raw mV:0.00,0
UTC 2023-10-06 04:30:21.744957,Sampling FPS:555.56,555.56
UTC 2023-10-06 04:30:21.744984,Raw mV:0.00,0
UTC 2023-10-06 04:30:21.745021,Raw mV:0.00,0
UTC 2023-10-06 04:30:21.745048,Raw mV:0.00,0
UTC 2023-10-06 04:30:21.745078,Raw mV:0.00,0
UTC 2023-10-06 04:30:21.745105,Raw mV:0.00,0
UTC 2023-10-06 04:30:21.745144,Sampling FPS:625.00,625
UTC 2023-10-06 04:30:21.745172,Raw mV:0.00,0
UTC 2023-10-06 04:30:21.745199,Raw mV:0.00,0
UTC 2023-10-06 04:30:21.745227,Raw mV:0.00,0
UTC 2023-10-06 04:30:21.745255,Raw mV:0.00,0
UTC 2023-10-06 04:30:21.745283,Raw mV:0.00,0
UTC 2023-10-06 04:30:21.745323,Sampling FPS:555.56,555.56
UTC 2023-10-06 04:30:21.745355,Raw mV:0.00,0
UTC 2023-10-06 04:30:21.745382,Raw mV:0.00,0
UTC 2023-10-06 04:30:21.745412,Raw mV:0.00,0
UTC 2023-10-06 04:30:21.745439,Raw mV:0.00,0
UTC 2023-10-06 04:30:21.745466,Raw mV:0.00,0
UTC 2023-10-06 04:30:21.745506,Sampling FPS:625.00,625
UTC 2023-10-06 04:30:21.745532,Raw mV:0.00,0
UTC 2023-10-06 04:30:21.745559,Raw mV:0.00,0
UTC 2023-10-06 04:30:21.745585,Raw mV:0.00,0
UTC 2023-10-06 04:30:21.745611,Raw mV:0.00,0
UTC 2023-10-06 04:30:21.745643,Raw mV:0.00,0
UTC 2023-10-06 04:30:21.745682,Sampling FPS:625.00,625
UTC 2023-10-06 04:30:21.745710,Raw mV:0.00,0
UTC 2023-10-06 04:30:21.745738,Raw mV:0.00,0
UTC 2023-10-06 04:30:21.745766,Raw mV:0.00,0
UTC 2023-10-06 04:30:21.745793,Raw mV:0.00,0
UTC 2023-10-06 04:30:21.745821,Raw mV:0.00,0
UTC 2023-10-06 04:30:21.745860,Sampling FPS:555.56,555.56
UTC 2023-10-06 04:30:21.745886,Raw mV:0.00,0
UTC 2023-10-06 04:30:21.745917,Raw mV:0.00,0
UTC 2023-10-06 04:30:21.745943,Raw mV:0.00,0
UTC 2023-10-06 04:30:21.745972,Raw mV:0.00,0
UTC 2023-10-06 04:30:21.745999,Raw mV:0.00,0
UTC 2023-10-06 04:30:21.746039,Sampling FPS:625.00,625
UTC 2023-10-06 04:30:21.746066,Raw mV:0.00,0
UTC 2023-10-06 04:30:21.746094,Raw mV:0.00,0
UTC 2023-10-06 04:30:21.746122,Raw mV:0.00,0
UTC 2023-10-06 04:30:21.746150,Raw mV:0.00,0
UTC 2023-10-06 04:30:21.746180,Raw mV:0.00,0
UTC 2023-10-06 04:30:21.746221,Sampling FPS:555.56,555.56
UTC 2023-10-06 04:30:21.746249,Raw mV:0.00,0
UTC 2023-10-06 04:30:21.746276,Raw mV:0.00,0
UTC 2023-10-06 04:30:21.746304,Raw mV:0.00,0
UTC 2023-10-06 04:30:21.746332,Raw mV:0.00,0
UTC 2023-10-06 04:30:21.746362,Raw mV:0.00,0
UTC 2023-10-06 04:30:21.746403,Sampling FPS:625.00,625
UTC 2023-10-06 04:30:21.746430,Raw mV:0.00,0
UTC 2023-10-06 04:30:21.746463,Raw mV:0.00,0
UTC 2023-10-06 04:30:21.746492,Raw mV:0.00,0
UTC 2023-10-06 04:30:21.746521,Raw mV:0.00,0
UTC 2023-10-06 04:30:21.746548,Raw mV:0.00,0
UTC 2023-10-06 04:30:21.746588,Sampling FPS:555.56,555.56
UTC 2023-10-06 04:30:21.746616,Raw mV:0.00,0
UTC 2023-10-06 04:30:21.746644,Raw mV:0.00,0
UTC 2023-10-06 04:30:21.746672,Raw mV:0.00,0
UTC 2023-10-06 04:30:21.746700,Raw mV:0.00,0
UTC 2023-10-06 04:30:21.746727,Raw mV:0.00,0
UTC 2023-10-06 04:30:21.746771,Sampling FPS:555.56,555.56
UTC 2023-10-06 04:30:21.746798,Raw mV:0.00,0
UTC 2023-10-06 04:30:21.746828,Raw mV:0.00,0
UTC 2023-10-06 04:30:21.746857,Raw mV:0.00,0
UTC 2023-10-06 04:30:21.746887,Raw mV:0.00,0
UTC 2023-10-06 04:30:21.746916,Raw mV:0.00,0
UTC 2023-10-06 04:30:21.746957,Sampling FPS:625.00,625
UTC 2023-10-06 04:30:21.746986,Raw mV:0.00,0
UTC 2023-10-06 04:30:21.747015,Raw mV:0.00,0
UTC 2023-10-06 04:30:21.747048,Raw mV:0.00,0
UTC 2023-10-06 04:30:21.747076,Raw mV:0.00,0
UTC 2023-10-06 04:30:21.747103,Raw mV:0.00,0
UTC 2023-10-06 04:30:21.747143,Sampling FPS:555.56,555.56
UTC 2023-10-06 04:30:21.747170,Raw mV:0.00,0
UTC 2023-10-06 04:30:21.747200,Raw mV:0.00,0
UTC 2023-10-06 04:30:21.747230,Raw mV:0.00,0
UTC 2023-10-06 04:30:21.747259,Raw mV:0.00,0
UTC 2023-10-06 04:30:21.747287,Raw mV:0.00,0
UTC 2023-10-06 04:30:21.747331,Sampling FPS:625.00,625
UTC 2023-10-06 04:30:21.747360,Raw mV:0.00,0
UTC 2023-10-06 04:30:21.747388,Raw mV:0.00,0
UTC 2023-10-06 04:30:21.747415,Raw mV:0.00,0
UTC 2023-10-06 04:30:21.747449,Raw mV:0.00,0
UTC 2023-10-06 04:30:21.747476,Raw mV:0.00,0
UTC 2023-10-06 04:30:21.747515,Sampling FPS:555.56,555.56
UTC 2023-10-06 04:30:21.747542,Raw mV:0.00,0
UTC 2023-10-06 04:30:21.747569,Raw mV:0.00,0
UTC 2023-10-06 04:30:21.747598,Raw mV:0.00,0
UTC 2023-10-06 04:30:21.747631,Raw mV:0.00,0
UTC 2023-10-06 04:30:21.747659,Raw mV:0.00,0
UTC 2023-10-06 04:30:21.747700,Sampling FPS:625.00,625
UTC 2023-10-06 04:30:21.747728,Raw mV:0.00,0
UTC 2023-10-06 04:30:21.747756,Raw mV:0.00,0
UTC 2023-10-06 04:30:21.747784,Raw mV:0.00,0
UTC 2023-10-06 04:30:21.747812,Raw mV:0.00,0
UTC 2023-10-06 04:30:21.747841,Raw mV:0.00,0
UTC 2023-10-06 04:30:21.747882,Sampling FPS:625.00,625
UTC 2023-10-06 04:30:21.747913,Raw mV:0.00,0
UTC 2023-10-06 04:30:21.747943,Raw mV:0.00,0
UTC 2023-10-06 04:30:21.747971,Raw mV:0.00,0
UTC 2023-10-06 04:30:21.747999,Raw mV:0.00,0
UTC 2023-10-06 04:30:21.748027,Raw mV:0.00,0
UTC 2023-10-06 04:30:21.748067,Sampling FPS:555.56,555.56
UTC 2023-10-06 04:30:21.748095,Raw mV:0.00,0
UTC 2023-10-06 04:30:21.748122,Raw mV:0.00,0
UTC 2023-10-06 04:30:21.748150,Raw mV:0.00,0
UTC 2023-10-06 04:30:21.748178,Raw mV:0.00,0
UTC 2023-10-06 04:30:21.748211,Raw mV:0.00,0
UTC 2023-10-06 04:30:21.748251,Sampling FPS:625.00,625
UTC 2023-10-06 04:30:21.748278,Raw mV:0.00,0
UTC 2023-10-06 04:30:21.748306,Raw mV:0.00,0
UTC 2023-10-06 04:30:21.748334,Raw mV:0.00,0
UTC 2023-10-06 04:30:21.748361,Raw mV:0.00,0
UTC 2023-10-06 04:30:21.748389,Raw mV:0.00,0
UTC 2023-10-06 04:30:21.748428,Sampling FPS:555.56,555.56
UTC 2023-10-06 04:30:21.748455,Raw mV:0.00,0
UTC 2023-10-06 04:30:21.748487,Raw mV:0.00,0
UTC 2023-10-06 04:30:21.748515,Raw mV:0.00,0
UTC 2023-10-06 04:30:21.748542,Raw mV:0.00,0
UTC 2023-10-06 04:30:21.748571,Raw mV:0.00,0
UTC 2023-10-06 04:30:21.748611,Sampling FPS:625.00,625
UTC 2023-10-06 04:30:21.748638,Raw mV:0.00,0
UTC 2023-10-06 04:30:21.748666,Raw mV:0.00,0
UTC 2023-10-06 04:30:21.748694,Raw mV:0.00,0
UTC 2023-10-06 04:30:21.748721,Raw mV:0.00,0
UTC 2023-10-06 04:30:21.748749,Raw mV:0.00,0
UTC 2023-10-06 04:30:21.748794,Sampling FPS:555.56,555.56
UTC 2023-10-06 04:30:21.748822,Raw mV:0.00,0
UTC 2023-10-06 04:30:21.748850,Raw mV:0.00,0
UTC 2023-10-06 04:30:21.748877,Raw mV:0.00,0
UTC 2023-10-06 04:30:21.748905,Raw mV:0.00,0
UTC 2023-10-06 04:30:21.748932,Raw mV:0.00,0
UTC 2023-10-06 04:30:21.748972,Sampling FPS:555.56,555.56
UTC 2023-10-06 04:30:21.748999,Raw mV:0.00,0
UTC 2023-10-06 04:30:21.749027,Raw mV:0.00,0
UTC 2023-10-06 04:30:21.749059,Raw mV:0.00,0
UTC 2023-10-06 04:30:21.749087,Raw mV:0.00,0
UTC 2023-10-06 04:30:21.749114,Raw mV:0.00,0
UTC 2023-10-06 04:30:21.749153,Sampling FPS:625.00,625
UTC 2023-10-06 04:30:21.749180,Raw mV:0.00,0
UTC 2023-10-06 04:30:21.749208,Raw mV:0.00,0
UTC 2023-10-06 04:30:21.749236,Raw mV:0.00,0
UTC 2023-10-06 04:30:21.749263,Raw mV:0.00,0
UTC 2023-10-06 04:30:21.749293,Raw mV:0.00,0
UTC 2023-10-06 04:30:21.749338,Sampling FPS:555.56,555.56
UTC 2023-10-06 04:30:21.749366,Raw mV:0.00,0
UTC 2023-10-06 04:30:21.749395,Raw mV:0.00,0
UTC 2023-10-06 04:30:21.749424,Raw mV:0.00,0
UTC 2023-10-06 04:30:21.749452,Raw mV:0.00,0
UTC 2023-10-06 04:30:21.749480,Raw mV:0.00,0
UTC 2023-10-06 04:30:21.749521,Sampling FPS:625.00,625
UTC 2023-10-06 04:30:21.749548,Raw mV:0.00,0
UTC 2023-10-06 04:30:21.749577,Raw mV:0.00,0
UTC 2023-10-06 04:30:21.749605,Raw mV:0.00,0
UTC 2023-10-06 04:30:21.749638,Raw mV:0.00,0
UTC 2023-10-06 04:30:21.749679,Raw mV:0.00,0
UTC 2023-10-06 04:30:21.749725,Sampling FPS:555.56,555.56
UTC 2023-10-06 04:30:21.749754,Raw mV:0.00,0
UTC 2023-10-06 04:30:21.749781,Raw mV:0.00,0
UTC 2023-10-06 04:30:21.749809,Raw mV:0.00,0
UTC 2023-10-06 04:30:21.749836,Raw mV:0.00,0
UTC 2023-10-06 04:30:21.749864,Raw mV:0.00,0
UTC 2023-10-06 04:30:21.749905,Sampling FPS:625.00,625
UTC 2023-10-06 04:30:21.749944,Raw mV:0.00,0
UTC 2023-10-06 04:30:21.749972,Raw mV:0.00,0
UTC 2023-10-06 04:30:21.750000,Raw mV:0.00,0
UTC 2023-10-06 04:30:21.750026,Raw mV:0.00,0
UTC 2023-10-06 04:30:21.750055,Raw mV:0.00,0
UTC 2023-10-06 04:30:21.750096,Sampling FPS:625.00,625
UTC 2023-10-06 04:30:21.750123,Raw mV:0.00,0
UTC 2023-10-06 04:30:21.750150,Raw mV:0.00,0
UTC 2023-10-06 04:30:21.750178,Raw mV:0.00,0
UTC 2023-10-06 04:30:21.750217,Raw mV:0.00,0
UTC 2023-10-06 04:30:21.750246,Raw mV:0.00,0
UTC 2023-10-06 04:30:21.750285,Sampling FPS:555.56,555.56
UTC 2023-10-06 04:30:21.750313,Raw mV:0.00,0
UTC 2023-10-06 04:30:21.750342,Raw mV:0.00,0
UTC 2023-10-06 04:30:21.750370,Raw mV:0.00,0
UTC 2023-10-06 04:30:21.750397,Raw mV:0.00,0
UTC 2023-10-06 04:30:21.750424,Raw mV:0.00,0
UTC 2023-10-06 04:30:21.750464,Sampling FPS:625.00,625
UTC 2023-10-06 04:30:21.750494,Raw mV:0.00,0
UTC 2023-10-06 04:30:21.750522,Raw mV:0.00,0
UTC 2023-10-06 04:30:21.750549,Raw mV:0.00,0
UTC 2023-10-06 04:30:21.750577,Raw mV:0.00,0
UTC 2023-10-06 04:30:21.750603,Raw mV:0.00,0
UTC 2023-10-06 04:30:21.750642,Sampling FPS:555.56,555.56
UTC 2023-10-06 04:30:21.750669,Raw mV:0.00,0
UTC 2023-10-06 04:30:21.750695,Raw mV:0.00,0
UTC 2023-10-06 04:30:21.750722,Raw mV:0.00,0
UTC 2023-10-06 04:30:21.750749,Raw mV:0.00,0
UTC 2023-10-06 04:30:21.750781,Raw mV:0.00,0
UTC 2023-10-06 04:30:21.750820,Sampling FPS:625.00,625
UTC 2023-10-06 04:30:21.750847,Raw mV:0.00,0
UTC 2023-10-06 04:30:21.750873,Raw mV:0.00,0
UTC 2023-10-06 04:30:21.750901,Raw mV:0.00,0
UTC 2023-10-06 04:30:21.750927,Raw mV:0.00,0
UTC 2023-10-06 04:30:21.750954,Raw mV:0.00,0
UTC 2023-10-06 04:30:21.750994,Sampling FPS:555.56,555.56
UTC 2023-10-06 04:30:21.751022,Raw mV:0.00,0
UTC 2023-10-06 04:30:21.751054,Raw mV:0.00,0
UTC 2023-10-06 04:30:21.751080,Raw mV:0.00,0
UTC 2023-10-06 04:30:21.751107,Raw mV:0.00,0
UTC 2023-10-06 04:30:21.751133,Raw mV:0.00,0
UTC 2023-10-06 04:30:21.751173,Sampling FPS:555.56,555.56
UTC 2023-10-06 04:30:21.751201,Raw mV:0.00,0
UTC 2023-10-06 04:30:21.751229,Raw mV:0.00,0
UTC 2023-10-06 04:30:21.751257,Raw mV:0.00,0
UTC 2023-10-06 04:30:21.751284,Raw mV:0.00,0
UTC 2023-10-06 04:30:21.751312,Raw mV:0.00,0
UTC 2023-10-06 04:30:21.751356,Sampling FPS:625.00,625
UTC 2023-10-06 04:30:21.751384,Raw mV:0.00,0
UTC 2023-10-06 04:30:21.751411,Raw mV:0.00,0
UTC 2023-10-06 04:30:21.751439,Raw mV:0.00,0
UTC 2023-10-06 04:30:21.751468,Raw mV:0.00,0
UTC 2023-10-06 04:30:21.751496,Raw mV:0.00,0
UTC 2023-10-06 04:30:21.751537,Sampling FPS:555.56,555.56
UTC 2023-10-06 04:30:21.751563,Raw mV:0.00,0
UTC 2023-10-06 04:30:21.751590,Raw mV:0.00,0
UTC 2023-10-06 04:30:21.751616,Raw mV:0.00,0
UTC 2023-10-06 04:30:21.751642,Raw mV:0.00,0
UTC 2023-10-06 04:30:21.751670,Raw mV:0.00,0
UTC 2023-10-06 04:30:21.751711,Sampling FPS:625.00,625
UTC 2023-10-06 04:30:21.751738,Raw mV:0.00,0
UTC 2023-10-06 04:30:21.751765,Raw mV:0.00,0
UTC 2023-10-06 04:30:21.751794,Raw mV:0.00,0
UTC 2023-10-06 04:30:21.751823,Raw mV:0.00,0
UTC 2023-10-06 04:30:21.751850,Raw mV:0.00,0
UTC 2023-10-06 04:30:21.751890,Sampling FPS:555.56,555.56
UTC 2023-10-06 04:30:21.751917,Raw mV:0.00,0
UTC 2023-10-06 04:30:21.751945,Raw mV:0.00,0
UTC 2023-10-06 04:30:21.751973,Raw mV:0.00,0
UTC 2023-10-06 04:30:21.752001,Raw mV:0.00,0
UTC 2023-10-06 04:30:21.752029,Raw mV:0.00,0
UTC 2023-10-06 04:30:21.752069,Sampling FPS:625.00,625
UTC 2023-10-06 04:30:21.752095,Raw mV:0.00,0
UTC 2023-10-06 04:30:21.752121,Raw mV:0.00,0
UTC 2023-10-06 04:30:21.752148,Raw mV:0.00,0
UTC 2023-10-06 04:30:21.752176,Raw mV:0.00,0
UTC 2023-10-06 04:30:21.752203,Raw mV:0.00,0
UTC 2023-10-06 04:30:21.752243,Sampling FPS:625.00,625
UTC 2023-10-06 04:30:21.752291,:0.00g FPS:62Raw mV:0.00,0.00g FPS
UTC 2023-10-06 04:30:21.752321,Raw mV:0.00,0
UTC 2023-10-06 04:30:21.752349,Raw mV:0.00,0
UTC 2023-10-06 04:30:21.752389,Raw mV:0.00,0
UTC 2023-10-06 04:30:21.752430,Sampling FPS:555.56,555.56
UTC 2023-10-06 04:30:21.752458,Raw mV:0.00,0
UTC 2023-10-06 04:30:21.752488,Raw mV:0.00,0
UTC 2023-10-06 04:30:21.752514,Raw mV:0.00,0
UTC 2023-10-06 04:30:21.752542,Raw mV:0.00,0
UTC 2023-10-06 04:30:21.752569,Raw mV:0.00,0
UTC 2023-10-06 04:30:21.752609,Sampling FPS:625.00,625
UTC 2023-10-06 04:30:21.752638,Raw mV:0.00,0
UTC 2023-10-06 04:30:21.752665,Raw mV:0.00,0
UTC 2023-10-06 04:30:21.752694,Raw mV:0.00,0
UTC 2023-10-06 04:30:21.752721,Raw mV:0.00,0
UTC 2023-10-06 04:30:21.752749,Raw mV:0.00,0
UTC 2023-10-06 04:30:21.752789,Sampling FPS:555.56,555.56
UTC 2023-10-06 04:30:21.752826,Raw mV:0.00:0.00,0
UTC 2023-10-06 04:30:21.752857,Raw mV:0.00,0
UTC 2023-10-06 04:30:21.752900,Sampling FPS:555.56,555.56
UTC 2023-10-06 04:30:21.752981,Raw mV:0.00,0
UTC 2023-10-06 04:30:21.753016,Raw mV:0.00,0
UTC 2023-10-06 04:30:21.753046,Raw mV:0.00,0
UTC 2023-10-06 04:30:21.753075,Raw mV:0.00,0
UTC 2023-10-06 04:30:21.753104,Raw mV:0.00,0
UTC 2023-10-06 04:30:21.753146,Sampling FPS:555.56,555.56
UTC 2023-10-06 04:30:21.753175,Raw mV:0.00,0
UTC 2023-10-06 04:30:21.753205,Raw mV:0.00,0
UTC 2023-10-06 04:30:21.753235,Raw mV:0.00,0
UTC 2023-10-06 04:30:21.753264,Raw mV:0.00,0
UTC 2023-10-06 04:30:21.753293,Raw mV:0.00,0
UTC 2023-10-06 04:30:21.753335,Sampling FPS:625.00,625
UTC 2023-10-06 04:30:21.753363,Raw mV:0.00,0
UTC 2023-10-06 04:30:21.753390,Raw mV:0.00,0
UTC 2023-10-06 04:30:21.753419,Raw mV:0.00,0
UTC 2023-10-06 04:30:21.753449,Raw mV:0.00,0
UTC 2023-10-06 04:30:21.753479,Raw mV:0.00,0
UTC 2023-10-06 04:30:21.753521,Sampling FPS:555.56,555.56
UTC 2023-10-06 04:30:21.753550,Raw mV:0.00,0
UTC 2023-10-06 04:30:21.753578,Raw mV:0.00,0
UTC 2023-10-06 04:30:21.755311,Raw mV:0.00,0
UTC 2023-10-06 04:30:21.757039,Raw mV:0.00,0
UTC 2023-10-06 04:30:21.758926,Raw mV:0.00,0
UTC 2023-10-06 04:30:21.758974,Sampling FPS:625.00,625
UTC 2023-10-06 04:30:21.760424,Raw mV:0.00,0
UTC 2023-10-06 04:30:21.762175,Raw mV:0.00,0
UTC 2023-10-06 04:30:21.763867,Raw mV:0.00,0
UTC 2023-10-06 04:30:21.765581,Raw mV:0.00,0
UTC 2023-10-06 04:30:21.767447,Raw mV:0.00,0
UTC 2023-10-06 04:30:21.767497,Sampling FPS:555.56,555.56
UTC 2023-10-06 04:30:21.769107,Raw mV:0.00,0
UTC 2023-10-06 04:30:21.770801,Raw mV:0.00,0
UTC 2023-10-06 04:30:21.772484,Raw mV:0.00,0
UTC 2023-10-06 04:30:21.774204,Raw mV:0.00,0
UTC 2023-10-06 04:30:21.776099,Raw mV:0.00,0
UTC 2023-10-06 04:30:21.776150,Sampling FPS:625.00,625
UTC 2023-10-06 04:30:21.777627,Raw mV:0.00,0
UTC 2023-10-06 04:30:21.779362,Raw mV:0.00,0
UTC 2023-10-06 04:30:21.781058,Raw mV:0.00,0
UTC 2023-10-06 04:30:21.782756,Raw mV:0.00,0
UTC 2023-10-06 04:30:21.784743,Raw mV:0.00,0
UTC 2023-10-06 04:30:21.784799,Sampling FPS:625.00,625
UTC 2023-10-06 04:30:21.786307,Raw mV:0.00,0
UTC 2023-10-06 04:30:21.788060,Raw mV:0.00,0
UTC 2023-10-06 04:30:21.789623,Raw mV:0.00,0
UTC 2023-10-06 04:30:21.791344,Raw mV:0.00,0
UTC 2023-10-06 04:30:21.793340,Raw mV:0.00,0
UTC 2023-10-06 04:30:21.793394,Sampling FPS:555.56,555.56
UTC 2023-10-06 04:30:21.794763,Raw mV:0.00,0
UTC 2023-10-06 04:30:21.796523,Raw mV:0.00,0
UTC 2023-10-06 04:30:21.798320,Raw mV:0.00,0
UTC 2023-10-06 04:30:21.799930,Raw mV:0.00,0
UTC 2023-10-06 04:30:21.801810,Raw mV:0.00,0
UTC 2023-10-06 04:30:21.801876,Sampling FPS:625.00,625
UTC 2023-10-06 04:30:21.803419,Raw mV:0.00,0
UTC 2023-10-06 04:30:21.805108,Raw mV:0.00,0
UTC 2023-10-06 04:30:21.806793,Raw mV:0.00,0
UTC 2023-10-06 04:30:21.808547,Raw mV:0.00,0
UTC 2023-10-06 04:30:21.810450,Raw mV:0.00,0
UTC 2023-10-06 04:30:21.810506,Sampling FPS:555.56,555.56
UTC 2023-10-06 04:30:21.811990,Raw mV:0.00,0
UTC 2023-10-06 04:30:21.813688,Raw mV:0.00,0
UTC 2023-10-06 04:30:21.815346,Raw mV:0.00,0
UTC 2023-10-06 04:30:21.817082,Raw mV:0.00,0
UTC 2023-10-06 04:30:21.819081,Raw mV:0.00,0
UTC 2023-10-06 04:30:21.819145,Sampling FPS:625.00,625
UTC 2023-10-06 04:30:21.820680,Raw mV:0.00,0
UTC 2023-10-06 04:30:21.822350,Raw mV:0.00,0
UTC 2023-10-06 04:30:21.823992,Raw mV:0.00,0
UTC 2023-10-06 04:30:21.825656,Raw mV:0.00,0
UTC 2023-10-06 04:30:21.827600,Raw mV:0.00,0
UTC 2023-10-06 04:30:21.827661,Sampling FPS:555.56,555.56
UTC 2023-10-06 04:30:21.829093,Raw mV:0.00,0
UTC 2023-10-06 04:30:21.830802,Raw mV:0.00,0
UTC 2023-10-06 04:30:21.832537,Raw mV:0.00,0
UTC 2023-10-06 04:30:21.834248,Raw mV:0.00,0
UTC 2023-10-06 04:30:21.836234,Raw mV:0.00,0
UTC 2023-10-06 04:30:21.836320,Sampling FPS:625.00,625
UTC 2023-10-06 04:30:21.837727,Raw mV:0.00,0
UTC 2023-10-06 04:30:21.839508,Raw mV:0.00,0
UTC 2023-10-06 04:30:21.841184,Raw mV:0.00,0
UTC 2023-10-06 04:30:21.842889,Raw mV:0.00,0
UTC 2023-10-06 04:30:21.844791,Raw mV:0.00,0
UTC 2023-10-06 04:30:21.844858,Sampling FPS:625.00,625
UTC 2023-10-06 04:30:21.846294,Raw mV:0.00,0
UTC 2023-10-06 04:30:21.848063,Raw mV:0.00,0
UTC 2023-10-06 04:30:21.849741,Raw mV:0.00,0
UTC 2023-10-06 04:30:21.851472,Raw mV:0.00,0
UTC 2023-10-06 04:30:21.853434,Raw mV:0.00,0
UTC 2023-10-06 04:30:21.853526,Sampling FPS:555.56,555.56
UTC 2023-10-06 04:30:21.854949,Raw mV:0.00,0
UTC 2023-10-06 04:30:21.856647,Raw mV:0.00,0
UTC 2023-10-06 04:30:21.858347,Raw mV:0.00,0
UTC 2023-10-06 04:30:21.860038,Raw mV:0.00,0
UTC 2023-10-06 04:30:21.861935,Raw mV:0.00,0
UTC 2023-10-06 04:30:21.862004,Sampling FPS:625.00,625
UTC 2023-10-06 04:30:21.863482,Raw mV:0.00,0
UTC 2023-10-06 04:30:21.865225,Raw mV:0.00,0
UTC 2023-10-06 04:30:21.866927,Raw mV:0.00,0
UTC 2023-10-06 04:30:21.868604,Raw mV:0.00,0
UTC 2023-10-06 04:30:21.870791,Raw mV:0.00,0
UTC 2023-10-06 04:30:21.870910,Sampling FPS:555.56,555.56
UTC 2023-10-06 04:30:21.872083,Raw mV:0.00,0
UTC 2023-10-06 04:30:21.873845,Raw mV:0.00,0
UTC 2023-10-06 04:30:21.875512,Raw mV:0.00,0
UTC 2023-10-06 04:30:21.877217,Raw mV:0.00,0
UTC 2023-10-06 04:30:21.879134,Raw mV:0.00,0
UTC 2023-10-06 04:30:21.879211,Sampling FPS:625.00,625
UTC 2023-10-06 04:30:21.880679,Raw mV:0.00,0
UTC 2023-10-06 04:30:21.882317,Raw mV:0.00,0
UTC 2023-10-06 04:30:21.884196,Raw mV:0.00,0
UTC 2023-10-06 04:30:21.885789,Raw mV:0.00,0
UTC 2023-10-06 04:30:21.887728,Raw mV:0.00,0
UTC 2023-10-06 04:30:21.887814,Sampling FPS:625.00,625
UTC 2023-10-06 04:30:21.889299,Raw mV:0.00,0
UTC 2023-10-06 04:30:21.890988,Raw mV:0.00,0
UTC 2023-10-06 04:30:21.892697,Raw mV:0.00,0
UTC 2023-10-06 04:30:21.894329,Raw mV:0.00,0
UTC 2023-10-06 04:30:21.896293,Raw mV:0.00,0
UTC 2023-10-06 04:30:21.896368,Sampling FPS:555.56,555.56
UTC 2023-10-06 04:30:21.897814,Raw mV:0.00,0
UTC 2023-10-06 04:30:21.899553,Raw mV:0.00,0
UTC 2023-10-06 04:30:21.901263,Raw mV:0.00,0
UTC 2023-10-06 04:30:21.902918,Raw mV:0.00,0
UTC 2023-10-06 04:30:21.904910,Raw mV:0.00,0
UTC 2023-10-06 04:30:21.905057,Sampling FPS:625.00,625
UTC 2023-10-06 04:30:21.906427,Raw mV:0.00,0
UTC 2023-10-06 04:30:21.908108,Raw mV:0.00,0
UTC 2023-10-06 04:30:21.909814,Raw mV:0.00,0
UTC 2023-10-06 04:30:21.911490,Raw mV:0.00,0
UTC 2023-10-06 04:30:21.913541,Raw mV:0.00,0
UTC 2023-10-06 04:30:21.913628,Sampling FPS:555.56,555.56
UTC 2023-10-06 04:30:21.915025,Raw mV:0.00,0
UTC 2023-10-06 04:30:21.916633,Raw mV:0.00,0
UTC 2023-10-06 04:30:21.918407,Raw mV:0.00,0
UTC 2023-10-06 04:30:21.920083,Raw mV:0.00,0
UTC 2023-10-06 04:30:21.922074,Raw mV:0.00,0
UTC 2023-10-06 04:30:21.922172,Sampling FPS:625.00,625
UTC 2023-10-06 04:30:21.923525,Raw mV:0.00,0
UTC 2023-10-06 04:30:21.925286,Raw mV:0.00,0
UTC 2023-10-06 04:30:21.926957,Raw mV:0.00,0
UTC 2023-10-06 04:30:21.928681,Raw mV:0.00,0
UTC 2023-10-06 04:30:21.930563,Raw mV:0.00,0
UTC 2023-10-06 04:30:21.930652,Sampling FPS:555.56,555.56
UTC 2023-10-06 04:30:21.932179,Raw mV:0.00,0
UTC 2023-10-06 04:30:21.933872,Raw mV:0.00,0
UTC 2023-10-06 04:30:21.935579,Raw mV:0.00,0
UTC 2023-10-06 04:30:21.937262,Raw mV:0.00,0
UTC 2023-10-06 04:30:21.939215,Raw mV:0.00,0
UTC 2023-10-06 04:30:21.939307,Sampling FPS:625.00,625
UTC 2023-10-06 04:30:21.940759,Raw mV:0.00,0
UTC 2023-10-06 04:30:21.942463,Raw mV:0.00,0
UTC 2023-10-06 04:30:21.944147,Raw mV:0.00,0
UTC 2023-10-06 04:30:21.945843,Raw mV:0.00,0
UTC 2023-10-06 04:30:21.947809,Raw mV:0.00,0
UTC 2023-10-06 04:30:21.947910,Sampling FPS:625.00,625
UTC 2023-10-06 04:30:21.949332,Raw mV:0.00,0
UTC 2023-10-06 04:30:21.951067,Raw mV:0.00,0
UTC 2023-10-06 04:30:21.952853,Raw mV:0.00,0
UTC 2023-10-06 04:30:21.954482,Raw mV:0.00,0
UTC 2023-10-06 04:30:21.956437,Raw mV:0.00,0
UTC 2023-10-06 04:30:21.956556,Sampling FPS:555.56,555.56
UTC 2023-10-06 04:30:21.957931,Raw mV:0.00,0
UTC 2023-10-06 04:30:21.959598,Raw mV:0.00,0
UTC 2023-10-06 04:30:21.961269,Raw mV:0.00,0
UTC 2023-10-06 04:30:21.962986,Raw mV:0.00,0
UTC 2023-10-06 04:30:21.964987,Raw mV:0.00,0
UTC 2023-10-06 04:30:21.965087,Sampling FPS:625.00,625
UTC 2023-10-06 04:30:21.966509,Raw mV:0.00,0
UTC 2023-10-06 04:30:21.968187,Raw mV:0.00,0
UTC 2023-10-06 04:30:21.969925,Raw mV:0.00,0
UTC 2023-10-06 04:30:21.971641,Raw mV:0.00,0
UTC 2023-10-06 04:30:21.973549,Raw mV:0.00,0
UTC 2023-10-06 04:30:21.973651,Sampling FPS:555.56,555.56
UTC 2023-10-06 04:30:21.975022,Raw mV:0.00,0
UTC 2023-10-06 04:30:21.976771,Raw mV:0.00,0
UTC 2023-10-06 04:30:21.978499,Raw mV:0.00,0
UTC 2023-10-06 04:30:21.980206,Raw mV:0.00,0
UTC 2023-10-06 04:30:21.982134,Raw mV:0.00,0
UTC 2023-10-06 04:30:21.982232,Sampling FPS:625.00,625
UTC 2023-10-06 04:30:21.983754,Raw mV:0.00,0
UTC 2023-10-06 04:30:21.985378,Raw mV:0.00,0
UTC 2023-10-06 04:30:21.987141,Raw mV:0.00,0
UTC 2023-10-06 04:30:21.988733,Raw mV:0.00,0
UTC 2023-10-06 04:30:21.990725,Raw mV:0.00,0
UTC 2023-10-06 04:30:21.990828,Sampling FPS:555.56,555.56
UTC 2023-10-06 04:30:21.992266,Raw mV:0.00,0
UTC 2023-10-06 04:30:21.993928,Raw mV:0.00,0
UTC 2023-10-06 04:30:21.995577,Raw mV:0.00,0
UTC 2023-10-06 04:30:21.997387,Raw mV:0.00,0
UTC 2023-10-06 04:30:21.999291,Raw mV:0.00,0
UTC 2023-10-06 04:30:21.999392,Sampling FPS:555.56,555.56
UTC 2023-10-06 04:30:22.000953,Raw mV:0.00,0
UTC 2023-10-06 04:30:22.002518,Raw mV:0.00,0
UTC 2023-10-06 04:30:22.004247,Raw mV:0.00,0
UTC 2023-10-06 04:30:22.005956,Raw mV:0.00,0
UTC 2023-10-06 04:30:22.007927,Raw mV:0.00,0
UTC 2023-10-06 04:30:22.008045,Sampling FPS:625.00,625
UTC 2023-10-06 04:30:22.009443,Raw mV:0.00,0
UTC 2023-10-06 04:30:22.011149,Raw mV:0.00,0
UTC 2023-10-06 04:30:22.012871,Raw mV:0.00,0
UTC 2023-10-06 04:30:22.014522,Raw mV:0.00,0
UTC 2023-10-06 04:30:22.016473,Raw mV:0.00,0
UTC 2023-10-06 04:30:22.016592,Sampling FPS:555.56,555.56
UTC 2023-10-06 04:30:22.018153,Raw mV:0.00,0
UTC 2023-10-06 04:30:22.019740,Raw mV:0.00,0
UTC 2023-10-06 04:30:22.021443,Raw mV:0.00,0
UTC 2023-10-06 04:30:22.023165,Raw mV:0.00,0
UTC 2023-10-06 04:30:22.025069,Raw mV:0.00,0
UTC 2023-10-06 04:30:22.025196,Sampling FPS:625.00,625
UTC 2023-10-06 04:30:22.026624,Raw mV:0.00,0
UTC 2023-10-06 04:30:22.028306,Raw mV:0.00,0
UTC 2023-10-06 04:30:22.029997,Raw mV:0.00,0
UTC 2023-10-06 04:30:22.031829,Raw mV:0.00,0
UTC 2023-10-06 04:30:22.033668,Raw mV:0.00,0
UTC 2023-10-06 04:30:22.033791,Sampling FPS:555.56,555.56
UTC 2023-10-06 04:30:22.035243,Raw mV:0.00,0
UTC 2023-10-06 04:30:22.036974,Raw mV:0.00,0
UTC 2023-10-06 04:30:22.038584,Raw mV:0.00,0
UTC 2023-10-06 04:30:22.040265,Raw mV:0.00,0
UTC 2023-10-06 04:30:22.042216,Raw mV:0.00,0
UTC 2023-10-06 04:30:22.042340,Sampling FPS:625.00,625
UTC 2023-10-06 04:30:22.043836,Raw mV:0.00,0
UTC 2023-10-06 04:30:22.045437,Raw mV:0.00,0
UTC 2023-10-06 04:30:22.047180,Raw mV:0.00,0
UTC 2023-10-06 04:30:22.048880,Raw mV:0.00,0
UTC 2023-10-06 04:30:22.051061,Raw mV:0.00,0
UTC 2023-10-06 04:30:22.051218,Sampling FPS:625.00,625
UTC 2023-10-06 04:30:22.052402,Raw mV:0.00,0
UTC 2023-10-06 04:30:22.054122,Raw mV:0.00,0
UTC 2023-10-06 04:30:22.055731,Raw mV:0.00,0
UTC 2023-10-06 04:30:22.057453,Raw mV:0.00,0
UTC 2023-10-06 04:30:22.059381,Raw mV:0.00,0
UTC 2023-10-06 04:30:22.059503,Sampling FPS:555.56,555.56
UTC 2023-10-06 04:30:22.060938,Raw mV:0.00,0
UTC 2023-10-06 04:30:22.062650,Raw mV:0.00,0
UTC 2023-10-06 04:30:22.064342,Raw mV:0.00,0
UTC 2023-10-06 04:30:22.066027,Raw mV:0.00,0
UTC 2023-10-06 04:30:22.068080,Raw mV:0.00,0
UTC 2023-10-06 04:30:22.068261,Sampling FPS:625.00,625
UTC 2023-10-06 04:30:22.069536,Raw mV:0.00,0
UTC 2023-10-06 04:30:22.071342,Raw mV:0.00,0
UTC 2023-10-06 04:30:22.072945,Raw mV:0.00,0
UTC 2023-10-06 04:30:22.074664,Raw mV:0.00,0
UTC 2023-10-06 04:30:22.076557,Raw mV:0.00,0
UTC 2023-10-06 04:30:22.076689,Sampling FPS:555.56,555.56
UTC 2023-10-06 04:30:22.078134,Raw mV:0.00,0
UTC 2023-10-06 04:30:22.079810,Raw mV:0.00,0
UTC 2023-10-06 04:30:22.081492,Raw mV:0.00,0
UTC 2023-10-06 04:30:22.083186,Raw mV:0.00,0
UTC 2023-10-06 04:30:22.085122,Raw mV:0.00,0
UTC 2023-10-06 04:30:22.085229,Sampling FPS:625.00,625
UTC 2023-10-06 04:30:22.086819,Raw mV:0.00,0
UTC 2023-10-06 04:30:22.088444,Raw mV:0.00,0
UTC 2023-10-06 04:30:22.090090,Raw mV:0.00,0
UTC 2023-10-06 04:30:22.091771,Raw mV:0.00,0
UTC 2023-10-06 04:30:22.093682,Raw mV:0.00,0
UTC 2023-10-06 04:30:22.093797,Sampling FPS:555.56,555.56
UTC 2023-10-06 04:30:22.095245,Raw mV:0.00,0
UTC 2023-10-06 04:30:22.096928,Raw mV:0.00,0
UTC 2023-10-06 04:30:22.098622,Raw mV:0.00,0
UTC 2023-10-06 04:30:22.100333,Raw mV:0.00,0
UTC 2023-10-06 04:30:22.102375,Raw mV:0.00,0
UTC 2023-10-06 04:30:22.102519,Sampling FPS:555.56,555.56
UTC 2023-10-06 04:30:22.103789,Raw mV:0.00,0
UTC 2023-10-06 04:30:22.105559,Raw mV:0.00,0
UTC 2023-10-06 04:30:22.107206,Raw mV:0.00,0
UTC 2023-10-06 04:30:22.108931,Raw mV:0.00,0
UTC 2023-10-06 04:30:22.110906,Raw mV:0.00,0
UTC 2023-10-06 04:30:22.110989,Sampling FPS:625.00,625
UTC 2023-10-06 04:30:22.112405,Raw mV:0.00,0
UTC 2023-10-06 04:30:22.114124,Raw mV:0.00,0
UTC 2023-10-06 04:30:22.115772,Raw mV:0.00,0
UTC 2023-10-06 04:30:22.117493,Raw mV:0.00,0
UTC 2023-10-06 04:30:22.119514,Raw mV:0.00,0
UTC 2023-10-06 04:30:22.119622,Sampling FPS:555.56,555.56
UTC 2023-10-06 04:30:22.120926,Raw mV:0.00,0
UTC 2023-10-06 04:30:22.122769,Raw mV:0.00,0
UTC 2023-10-06 04:30:22.124474,Raw mV:0.00,0
UTC 2023-10-06 04:30:22.126213,Raw mV:0.00,0
UTC 2023-10-06 04:30:22.128058,Raw mV:0.00,0
UTC 2023-10-06 04:30:22.128275,Sampling FPS:625.00,625
UTC 2023-10-06 04:30:22.129686,Raw mV:0.00,0
UTC 2023-10-06 04:30:22.131390,Raw mV:0.00,0
UTC 2023-10-06 04:30:22.133052,Raw mV:0.00,0
UTC 2023-10-06 04:30:22.134685,Raw mV:0.00,0
UTC 2023-10-06 04:30:22.136696,Raw mV:0.00,0
UTC 2023-10-06 04:30:22.136889,Sampling FPS:555.56,555.56
UTC 2023-10-06 04:30:22.138371,Raw mV:0.00,0
UTC 2023-10-06 04:30:22.139923,Raw mV:0.00,0
UTC 2023-10-06 04:30:22.141505,Raw mV:0.00,0
UTC 2023-10-06 04:30:22.143244,Raw mV:0.00,0
UTC 2023-10-06 04:30:22.145291,Raw mV:0.00,0
UTC 2023-10-06 04:30:22.145504,Sampling FPS:625.00,625
UTC 2023-10-06 04:30:22.146850,Raw mV:0.00,0
UTC 2023-10-06 04:30:22.148431,Raw mV:0.00,0
UTC 2023-10-06 04:30:22.150192,Raw mV:0.00,0
UTC 2023-10-06 04:30:22.152060,Raw mV:0.00,0
UTC 2023-10-06 04:30:22.154066,Raw mV:0.00,0
UTC 2023-10-06 04:30:22.154297,Sampling FPS:625.00,625
UTC 2023-10-06 04:30:22.155317,Raw mV:0.00,0
UTC 2023-10-06 04:30:22.157008,Raw mV:0.00,0
UTC 2023-10-06 04:30:22.158700,Raw mV:0.00,0
UTC 2023-10-06 04:30:22.160524,Raw mV:0.00,0
UTC 2023-10-06 04:30:22.162427,Raw mV:0.00,0
UTC 2023-10-06 04:30:22.162683,Sampling FPS:555.56,555.56
UTC 2023-10-06 04:30:22.163987,Raw mV:0.00,0
UTC 2023-10-06 04:30:22.165671,Raw mV:0.00,0
UTC 2023-10-06 04:30:22.167345,Raw mV:0.00,0
UTC 2023-10-06 04:30:22.169967,Raw mV:0.00,0
UTC 2023-10-06 04:30:22.171821,Raw mV:0.00,0
UTC 2023-10-06 04:30:22.172019,Sampling FPS:625.00,625
UTC 2023-10-06 04:30:22.172482,Raw mV:0.00,0
UTC 2023-10-06 04:30:22.174182,Raw mV:0.00,0
UTC 2023-10-06 04:30:22.175853,Raw mV:0.00,0
UTC 2023-10-06 04:30:22.177537,Raw mV:0.00,0
UTC 2023-10-06 04:30:22.179498,Raw mV:0.00,0
UTC 2023-10-06 04:30:22.179580,Sampling FPS:555.56,555.56
UTC 2023-10-06 04:30:22.181140,Raw mV:0.00,0
UTC 2023-10-06 04:30:22.182815,Raw mV:0.00,0
UTC 2023-10-06 04:30:22.184829,Raw mV:0.00,0
UTC 2023-10-06 04:30:22.186127,Raw mV:0.00,0
UTC 2023-10-06 04:30:22.188129,Raw mV:0.00,0
UTC 2023-10-06 04:30:22.188225,Sampling FPS:625.00,625
UTC 2023-10-06 04:30:22.189613,Raw mV:0.00,0
UTC 2023-10-06 04:30:22.191334,Raw mV:0.00,0
UTC 2023-10-06 04:30:22.193020,Raw mV:0.00,0
UTC 2023-10-06 04:30:22.194687,Raw mV:0.00,0
UTC 2023-10-06 04:30:22.196828,Raw mV:0.00,0
UTC 2023-10-06 04:30:22.197059,Sampling FPS:555.56,555.56
UTC 2023-10-06 04:30:22.198333,Raw mV:0.00,0
UTC 2023-10-06 04:30:22.199975,Raw mV:0.00,0
UTC 2023-10-06 04:30:22.201724,Raw mV:0.00,0
UTC 2023-10-06 04:30:22.203503,Raw mV:0.00,0
UTC 2023-10-06 04:30:22.205329,Raw mV:0.00,0
UTC 2023-10-06 04:30:22.205441,Sampling FPS:625.00,625
UTC 2023-10-06 04:30:22.206805,Raw mV:0.00,0
UTC 2023-10-06 04:30:22.208517,Raw mV:0.00,0
UTC 2023-10-06 04:30:22.210164,Raw mV:0.00,0
UTC 2023-10-06 04:30:22.211870,Raw mV:0.00,0
UTC 2023-10-06 04:30:22.213830,Raw mV:0.00,0
UTC 2023-10-06 04:30:22.213911,Sampling FPS:625.00,625
UTC 2023-10-06 04:30:22.215365,Raw mV:0.00,0
UTC 2023-10-06 04:30:22.217120,Raw mV:0.00,0
UTC 2023-10-06 04:30:22.218830,Raw mV:0.00,0
UTC 2023-10-06 04:30:22.220500,Raw mV:0.00,0
UTC 2023-10-06 04:30:22.222454,Raw mV:0.00,0
UTC 2023-10-06 04:30:22.222552,Sampling FPS:555.56,555.56
UTC 2023-10-06 04:30:22.224043,Raw mV:0.00,0
UTC 2023-10-06 04:30:22.225646,Raw mV:0.00,0
UTC 2023-10-06 04:30:22.227387,Raw mV:0.00,0
UTC 2023-10-06 04:30:22.229133,Raw mV:0.00,0
UTC 2023-10-06 04:30:22.231021,Raw mV:0.00,0
UTC 2023-10-06 04:30:22.231203,Sampling FPS:625.00,625
UTC 2023-10-06 04:30:22.232506,Raw mV:0.00,0
UTC 2023-10-06 04:30:22.234321,Raw mV:0.00,0
UTC 2023-10-06 04:30:22.237397,Raw mV:0.00,0
UTC 2023-10-06 04:30:22.237878,Raw mV:0.00,0
UTC 2023-10-06 04:30:22.239851,Raw mV:0.00,0
UTC 2023-10-06 04:30:22.239980,Sampling FPS:555.56,555.56
UTC 2023-10-06 04:30:22.241184,Raw mV:0.00,0
UTC 2023-10-06 04:30:22.242787,Raw mV:0.00,0
UTC 2023-10-06 04:30:22.244587,Raw mV:0.00,0
UTC 2023-10-06 04:30:22.246284,Raw mV:0.00,0
UTC 2023-10-06 04:30:22.248225,Raw mV:0.00,0
UTC 2023-10-06 04:30:22.248406,Sampling FPS:625.00,625
UTC 2023-10-06 04:30:22.249731,Raw mV:0.00,0
UTC 2023-10-06 04:30:22.251580,Raw mV:0.00,0
UTC 2023-10-06 04:30:22.253250,Raw mV:0.00,0
UTC 2023-10-06 04:30:22.254936,Raw mV:0.00,0
UTC 2023-10-06 04:30:22.256794,Raw mV:0.00,0
UTC 2023-10-06 04:30:22.256877,Sampling FPS:625.00,625
UTC 2023-10-06 04:30:22.258281,Raw mV:0.00,0
UTC 2023-10-06 04:30:22.260004,Raw mV:0.00,0
UTC 2023-10-06 04:30:22.261670,Raw mV:0.00,0
UTC 2023-10-06 04:30:22.263341,Raw mV:0.00,0
UTC 2023-10-06 04:30:22.265265,Raw mV:0.00,0
UTC 2023-10-06 04:30:22.265347,Sampling FPS:555.56,555.56
UTC 2023-10-06 04:30:22.266850,Raw mV:0.00,0
UTC 2023-10-06 04:30:22.268886,Raw mV:0.00,0
UTC 2023-10-06 04:30:22.270366,Raw mV:0.00,0
UTC 2023-10-06 04:30:22.272146,Raw mV:0.00,0
UTC 2023-10-06 04:30:22.273933,Raw mV:0.00,0
UTC 2023-10-06 04:30:22.274017,Sampling FPS:625.00,625
UTC 2023-10-06 04:30:22.275449,Raw mV:0.00,0
UTC 2023-10-06 04:30:22.277048,Raw mV:0.00,0
UTC 2023-10-06 04:30:22.278769,Raw mV:0.00,0
UTC 2023-10-06 04:30:22.280446,Raw mV:0.00,0
UTC 2023-10-06 04:30:22.282392,Raw mV:0.00,0
UTC 2023-10-06 04:30:22.282461,Sampling FPS:555.56,555.56
UTC 2023-10-06 04:30:22.283953,Raw mV:0.00,0
UTC 2023-10-06 04:30:22.286053,Raw mV:0.00,0
UTC 2023-10-06 04:30:22.287575,Raw mV:0.00,0
UTC 2023-10-06 04:30:22.289120,Raw mV:0.00,0
UTC 2023-10-06 04:30:22.291078,Raw mV:0.00,0
UTC 2023-10-06 04:30:22.291134,Sampling FPS:625.00,625
UTC 2023-10-06 04:30:22.292541,Raw mV:0.00,0
UTC 2023-10-06 04:30:22.294220,Raw mV:0.00,0
UTC 2023-10-06 04:30:22.295915,Raw mV:0.00,0
UTC 2023-10-06 04:30:22.297611,Raw mV:0.00,0
UTC 2023-10-06 04:30:22.299636,Raw mV:0.00,0
UTC 2023-10-06 04:30:22.299814,Sampling FPS:555.56,555.56
UTC 2023-10-06 04:30:22.301372,Raw mV:0.00,0
UTC 2023-10-06 04:30:22.302879,Raw mV:0.00,0
UTC 2023-10-06 04:30:22.304558,Raw mV:0.00,0
UTC 2023-10-06 04:30:22.306239,Raw mV:0.00,0
UTC 2023-10-06 04:30:22.308143,Raw mV:0.00,0
UTC 2023-10-06 04:30:22.308207,Sampling FPS:625.00,625
UTC 2023-10-06 04:30:22.309698,Raw mV:0.00,0
UTC 2023-10-06 04:30:22.311365,Raw mV:0.00,0
UTC 2023-10-06 04:30:22.313111,Raw mV:0.00,0
UTC 2023-10-06 04:30:22.314850,Raw mV:0.00,0
UTC 2023-10-06 04:30:22.316805,Raw mV:0.00,0
UTC 2023-10-06 04:30:22.316970,Sampling FPS:625.00,625
UTC 2023-10-06 04:30:22.318366,Raw mV:0.00,0
UTC 2023-10-06 04:30:22.320199,Raw mV:0.00,0
UTC 2023-10-06 04:30:22.321858,Raw mV:0.00,0
UTC 2023-10-06 04:30:22.323485,Raw mV:0.00,0
UTC 2023-10-06 04:30:22.325337,Raw mV:0.00,0
UTC 2023-10-06 04:30:22.325404,Sampling FPS:555.56,555.56
UTC 2023-10-06 04:30:22.326859,Raw mV:0.00,0
UTC 2023-10-06 04:30:22.328546,Raw mV:0.00,0
UTC 2023-10-06 04:30:22.330424,Raw mV:0.00,0
UTC 2023-10-06 04:30:22.332026,Raw mV:0.00,0
UTC 2023-10-06 04:30:22.333949,Raw mV:0.00,0
UTC 2023-10-06 04:30:22.334120,Sampling FPS:625.00,625
UTC 2023-10-06 04:30:22.335655,Raw mV:0.00,0
UTC 2023-10-06 04:30:22.337630,Raw mV:0.00,0
UTC 2023-10-06 04:30:22.338932,Raw mV:0.00,0
UTC 2023-10-06 04:30:22.340540,Raw mV:0.00,0
UTC 2023-10-06 04:30:22.342518,Raw mV:0.00,0
UTC 2023-10-06 04:30:22.342607,Sampling FPS:555.56,555.56
UTC 2023-10-06 04:30:22.344061,Raw mV:0.00,0
UTC 2023-10-06 04:30:22.345749,Raw mV:0.00,0
UTC 2023-10-06 04:30:22.347453,Raw mV:0.00,0
UTC 2023-10-06 04:30:22.349165,Raw mV:0.00,0
UTC 2023-10-06 04:30:22.351160,Raw mV:0.00,0
UTC 2023-10-06 04:30:22.351292,Sampling FPS:625.00,625
UTC 2023-10-06 04:30:22.352675,Raw mV:0.00,0
UTC 2023-10-06 04:30:22.354433,Raw mV:0.00,0
UTC 2023-10-06 04:30:22.356111,Raw mV:0.00,0
UTC 2023-10-06 04:30:22.357783,Raw mV:0.00,0
UTC 2023-10-06 04:30:22.359699,Raw mV:0.00,0
UTC 2023-10-06 04:30:22.359779,Sampling FPS:555.56,555.56
UTC 2023-10-06 04:30:22.361196,Raw mV:0.00,0
UTC 2023-10-06 04:30:22.362889,Raw mV:0.00,0
UTC 2023-10-06 04:30:22.364537,Raw mV:0.00,0
UTC 2023-10-06 04:30:22.366407,Raw mV:0.00,0
UTC 2023-10-06 04:30:22.368367,Raw mV:0.00,0
UTC 2023-10-06 04:30:22.368544,Sampling FPS:555.56,555.56
UTC 2023-10-06 04:30:22.369805,Raw mV:0.00,0
UTC 2023-10-06 04:30:22.371447,Raw mV:0.00,0
UTC 2023-10-06 04:30:22.373230,Raw mV:0.00,0
UTC 2023-10-06 04:30:22.374931,Raw mV:0.00,0
UTC 2023-10-06 04:30:22.376802,Raw mV:0.00,0
UTC 2023-10-06 04:30:22.376882,Sampling FPS:625.00,625
UTC 2023-10-06 04:30:22.378341,Raw mV:0.00,0
UTC 2023-10-06 04:30:22.380068,Raw mV:0.00,0
UTC 2023-10-06 04:30:22.381804,Raw mV:0.00,0
UTC 2023-10-06 04:30:22.383468,Raw mV:0.00,0
UTC 2023-10-06 04:30:22.385534,Raw mV:0.00,0
UTC 2023-10-06 04:30:22.385824,Sampling FPS:555.56,555.56
UTC 2023-10-06 04:30:22.387736,Raw mV:0.00,0
UTC 2023-10-06 04:30:22.388707,Raw mV:0.00,0
UTC 2023-10-06 04:30:22.390347,Raw mV:0.00,0
UTC 2023-10-06 04:30:22.392037,Raw mV:0.00,0
UTC 2023-10-06 04:30:22.393966,Raw mV:0.00,0
UTC 2023-10-06 04:30:22.394055,Sampling FPS:625.00,625
UTC 2023-10-06 04:30:22.395503,Raw mV:0.00,0
UTC 2023-10-06 04:30:22.397226,Raw mV:0.00,0
UTC 2023-10-06 04:30:22.398887,Raw mV:0.00,0
UTC 2023-10-06 04:30:22.400660,Raw mV:0.00,0
UTC 2023-10-06 04:30:22.402756,Raw mV:0.00,0
UTC 2023-10-06 04:30:22.402935,Sampling FPS:555.56,555.56
UTC 2023-10-06 04:30:22.404188,Raw mV:0.00,0
UTC 2023-10-06 04:30:22.405818,Raw mV:0.00,0
UTC 2023-10-06 04:30:22.407514,Raw mV:0.00,0
UTC 2023-10-06 04:30:22.409169,Raw mV:0.00,0
UTC 2023-10-06 04:30:22.411186,Raw mV:0.00,0
UTC 2023-10-06 04:30:22.411365,Sampling FPS:625.00,625
UTC 2023-10-06 04:30:22.412766,Raw mV:0.00,0
UTC 2023-10-06 04:30:22.414485,Raw mV:0.00,0
UTC 2023-10-06 04:30:22.416115,Raw mV:0.00,0
UTC 2023-10-06 04:30:22.418277,Raw mV:0.00,0
UTC 2023-10-06 04:30:22.419753,Raw mV:0.00,0
UTC 2023-10-06 04:30:22.419867,Sampling FPS:625.00,625
UTC 2023-10-06 04:30:22.421282,Raw mV:0.00,0
UTC 2023-10-06 04:30:22.422973,Raw mV:0.00,0
UTC 2023-10-06 04:30:22.424674,Raw mV:0.00,0
UTC 2023-10-06 04:30:22.426393,Raw mV:0.00,0
UTC 2023-10-06 04:30:22.428416,Raw mV:0.00,0
UTC 2023-10-06 04:30:22.428632,Sampling FPS:555.56,555.56
UTC 2023-10-06 04:30:22.429910,Raw mV:0.00,0
UTC 2023-10-06 04:30:22.431658,Raw mV:0.00,0
UTC 2023-10-06 04:30:22.433281,Raw mV:0.00,0
UTC 2023-10-06 04:30:22.435149,Raw mV:0.00,0
UTC 2023-10-06 04:30:22.437300,Raw mV:0.00,0
UTC 2023-10-06 04:30:22.437531,Sampling FPS:625.00,625
UTC 2023-10-06 04:30:22.438472,Raw mV:0.00,0
UTC 2023-10-06 04:30:22.440184,Raw mV:0.00,0
UTC 2023-10-06 04:30:22.441881,Raw mV:0.00,0
UTC 2023-10-06 04:30:22.443456,Raw mV:0.00,0
UTC 2023-10-06 04:30:22.445577,Raw mV:0.00,0
UTC 2023-10-06 04:30:22.445774,Sampling FPS:555.56,555.56
UTC 2023-10-06 04:30:22.447154,Raw mV:0.00,0
UTC 2023-10-06 04:30:22.448793,Raw mV:0.00,0
UTC 2023-10-06 04:30:22.450446,Raw mV:0.00,0
UTC 2023-10-06 04:30:22.452137,Raw mV:0.00,0
UTC 2023-10-06 04:30:22.455287,Raw mV:0.00,0
UTC 2023-10-06 04:30:22.455405,Sampling FPS:625.00,625
UTC 2023-10-06 04:30:22.455762,Raw mV:0.00,0
UTC 2023-10-06 04:30:22.457372,Raw mV:0.00,0
UTC 2023-10-06 04:30:22.459039,Raw mV:0.00,0
UTC 2023-10-06 04:30:22.460689,Raw mV:0.00,0
UTC 2023-10-06 04:30:22.462762,Raw mV:0.00,0
UTC 2023-10-06 04:30:22.462976,Sampling FPS:555.56,555.56
UTC 2023-10-06 04:30:22.464272,Raw mV:0.00,0
UTC 2023-10-06 04:30:22.465973,Raw mV:0.00,0
UTC 2023-10-06 04:30:22.467636,Raw mV:0.00,0
UTC 2023-10-06 04:30:22.469843,Raw mV:0.00,0
UTC 2023-10-06 04:30:22.471266,Raw mV:0.00,0
UTC 2023-10-06 04:30:22.471375,Sampling FPS:625.00,625
UTC 2023-10-06 04:30:22.472771,Raw mV:0.00,0
UTC 2023-10-06 04:30:22.474508,Raw mV:0.00,0
UTC 2023-10-06 04:30:22.476195,Raw mV:0.00,0
UTC 2023-10-06 04:30:22.477885,Raw mV:0.00,0
UTC 2023-10-06 04:30:22.479896,Raw mV:0.00,0
UTC 2023-10-06 04:30:22.480128,Sampling FPS:625.00,625
UTC 2023-10-06 04:30:22.481521,Raw mV:0.00,0
UTC 2023-10-06 04:30:22.483236,Raw mV:0.00,0
UTC 2023-10-06 04:30:22.484980,Raw mV:0.00,0
UTC 2023-10-06 04:30:22.486908,Raw mV:0.00,0
UTC 2023-10-06 04:30:22.488450,Raw mV:0.00,0
UTC 2023-10-06 04:30:22.488580,Sampling FPS:555.56,555.56
UTC 2023-10-06 04:30:22.490050,Raw mV:0.00,0
UTC 2023-10-06 04:30:22.491658,Raw mV:0.00,0
UTC 2023-10-06 04:30:22.493366,Raw mV:0.00,0