UTC 2023-10-06 04:42:43.136451,Raw mV:0.00,0.00
UTC 2023-10-06 04:42:43.136545,Raw mV:0.00,0.00
UTC 2023-10-06 04:42:43.136580,Raw mV:0.00,0.00
UTC 2023-10-06 04:42:43.136614,Raw mV:0.00,0.00
UTC 2023-10-06 04:42:43.136647,Raw mV:0.00,0.00
UTC 2023-10-06 04:42:43.136743,CountsCPS:0.00	 Sampling FPS:555.56	 PrintFPS:111.11,0.00,555.56,111.11
UTC 2023-10-06 04:42:43.136777,Raw mV:0.00,0.00
UTC 2023-10-06 04:42:43.136808,Raw mV:0.00,0.00
UTC 2023-10-06 04:42:43.136839,Raw mV:0.00,0.00
UTC 2023-10-06 04:42:43.136870,Raw mV:0.00,0.00
UTC 2023-10-06 04:42:43.136899,Raw mV:0.00,0.00
UTC 2023-10-06 04:42:43.136989,CountsCPS:0.00	 Sampling FPS:625.00	 PrintFPS:125.00,0.00,625.00,125.00
UTC 2023-10-06 04:42:43.137019,Raw mV:0.00,0.00
UTC 2023-10-06 04:42:43.137055,Raw mV:0.00,0.00
UTC 2023-10-06 04:42:43.137090,Raw mV:0.00,0.00
UTC 2023-10-06 04:42:43.137121,Raw mV:0.00,0.00
UTC 2023-10-06 04:42:43.137151,Raw mV:0.00,0.00
UTC 2023-10-06 04:42:43.137243,CountsCPS:0.00	 Sampling FPS:625.00	 PrintFPS:125.00,0.00,625.00,125.00
UTC 2023-10-06 04:42:43.137271,Raw mV:0.00,0.00
UTC 2023-10-06 04:42:43.137301,Raw mV:0.00,0.00
UTC 2023-10-06 04:42:43.137340,Raw mV:0.00,0.00
UTC 2023-10-06 04:42:43.137370,Raw mV:0.00,0.00
UTC 2023-10-06 04:42:43.137400,Raw mV:0.00,0.00
UTC 2023-10-06 04:42:43.137490,CountsCPS:0.00	 Sampling FPS:555.56	 PrintFPS:111.11,0.00,555.56,111.11
UTC 2023-10-06 04:42:43.137519,Raw mV:0.00,0.00
UTC 2023-10-06 04:42:43.137548,Raw mV:0.00,0.00
UTC 2023-10-06 04:42:43.137577,Raw mV:0.00,0.00
UTC 2023-10-06 04:42:43.137616,Raw mV:0.00,0.00
UTC 2023-10-06 04:42:43.137645,Raw mV:0.00,0.00
UTC 2023-10-06 04:42:43.137737,CountsCPS:0.00	 Sampling FPS:555.56	 PrintFPS:111.11,0.00,555.56,111.11
UTC 2023-10-06 04:42:43.137766,Raw mV:0.00,0.00
UTC 2023-10-06 04:42:43.137812,Raw mV:0.00,0.00
UTC 2023-10-06 04:42:43.137857,Raw mV:0.00,0.00
UTC 2023-10-06 04:42:43.137892,Raw mV:0.00,0.00
UTC 2023-10-06 04:42:43.137927,Raw mV:0.00,0.00
UTC 2023-10-06 04:42:43.138031,CountsCPS:0.00	 Sampling FPS:625.00	 PrintFPS:125.00,0.00,625.00,125.00
UTC 2023-10-06 04:42:43.138064,Raw mV:0.00,0.00
UTC 2023-10-06 04:42:43.138096,Raw mV:0.00,0.00
UTC 2023-10-06 04:42:43.138125,Raw mV:0.00,0.00
UTC 2023-10-06 04:42:43.138155,Raw mV:0.00,0.00
UTC 2023-10-06 04:42:43.138184,Raw mV:0.00,0.00
UTC 2023-10-06 04:42:43.138280,CountsCPS:0.00	 Sampling FPS:625.00	 PrintFPS:125.00,0.00,625.00,125.00
UTC 2023-10-06 04:42:43.138310,Raw mV:0.00,0.00
UTC 2023-10-06 04:42:43.138338,Raw mV:0.00,0.00
UTC 2023-10-06 04:42:43.138367,Raw mV:0.00,0.00
UTC 2023-10-06 04:42:43.138396,Raw mV:0.00,0.00
UTC 2023-10-06 04:42:43.138424,Raw mV:0.00,0.00
UTC 2023-10-06 04:42:43.138520,CountsCPS:0.00	 Sampling FPS:555.56	 PrintFPS:111.11,0.00,555.56,111.11
UTC 2023-10-06 04:42:43.138551,Raw mV:0.00,0.00
UTC 2023-10-06 04:42:43.138581,Raw mV:0.00,0.00
UTC 2023-10-06 04:42:43.138610,Raw mV:0.00,0.00
UTC 2023-10-06 04:42:43.138639,Raw mV:0.00,0.00
UTC 2023-10-06 04:42:43.138668,Raw mV:0.00,0.00
UTC 2023-10-06 04:42:43.138779,CountsCPS:0.00	 Sampling FPS:555.56	 PrintFPS:111.11,0.00,555.56,111.11
UTC 2023-10-06 04:42:43.138809,Raw mV:0.00,0.00
UTC 2023-10-06 04:42:43.138838,Raw mV:0.00,0.00
UTC 2023-10-06 04:42:43.138867,Raw mV:0.00,0.00
UTC 2023-10-06 04:42:43.138895,Raw mV:0.00,0.00
UTC 2023-10-06 04:42:43.138924,Raw mV:0.00,0.00
UTC 2023-10-06 04:42:43.139016,CountsCPS:0.00	 Sampling FPS:625.00	 PrintFPS:125.00,0.00,625.00,125.00
UTC 2023-10-06 04:42:43.139050,Raw mV:0.00,0.00
UTC 2023-10-06 04:42:43.139079,Raw mV:0.00,0.00
UTC 2023-10-06 04:42:43.139107,Raw mV:0.00,0.00
UTC 2023-10-06 04:42:43.139135,Raw mV:0.00,0.00
UTC 2023-10-06 04:42:43.139164,Raw mV:0.00,0.00
UTC 2023-10-06 04:42:43.139260,CountsCPS:0.00	 Sampling FPS:625.00	 PrintFPS:125.00,0.00,625.00,125.00
UTC 2023-10-06 04:42:43.139290,Raw mV:0.00,0.00
UTC 2023-10-06 04:42:43.139327,Raw mV:0.00,0.00
UTC 2023-10-06 04:42:43.139356,Raw mV:0.00,0.00
UTC 2023-10-06 04:42:43.139384,Raw mV:0.00,0.00
UTC 2023-10-06 04:42:43.139413,Raw mV:0.00,0.00
UTC 2023-10-06 04:42:43.139504,CountsCPS:0.00	 Sampling FPS:555.56	 PrintFPS:111.11,0.00,555.56,111.11
UTC 2023-10-06 04:42:43.139558,Raw mV:0.00,0.00
UTC 2023-10-06 04:42:43.139590,Raw mV:0.00,0.00
UTC 2023-10-06 04:42:43.139623,Raw mV:0.00,0.00
UTC 2023-10-06 04:42:43.139650,Raw mV:0.00,0.00
UTC 2023-10-06 04:42:43.139677,Raw mV:0.00,0.00
UTC 2023-10-06 04:42:43.139766,CountsCPS:0.00	 Sampling FPS:555.56	 PrintFPS:111.11,0.00,555.56,111.11
UTC 2023-10-06 04:42:43.139795,Raw mV:0.00,0.00
UTC 2023-10-06 04:42:43.139822,Raw mV:0.00,0.00
UTC 2023-10-06 04:42:43.139849,Raw mV:0.00,0.00
UTC 2023-10-06 04:42:43.139879,Raw mV:0.00,0.00
UTC 2023-10-06 04:42:43.139905,Raw mV:0.00,0.00
UTC 2023-10-06 04:42:43.140131,CountsCPS:0.00	 Sampling FPS:625.00	 PrintFPS:125.00,0.00,625.00,125.00
UTC 2023-10-06 04:42:43.140175,Raw mV:0.00,0.00
UTC 2023-10-06 04:42:43.140203,Raw mV:0.00,0.00
UTC 2023-10-06 04:42:43.140231,Raw mV:0.00,0.00
UTC 2023-10-06 04:42:43.140258,Raw mV:0.00,0.00
UTC 2023-10-06 04:42:43.140291,Raw mV:0.00,0.00
UTC 2023-10-06 04:42:43.140378,CountsCPS:0.00	 Sampling FPS:625.00	 PrintFPS:125.00,0.00,625.00,125.00
UTC 2023-10-06 04:42:43.140405,Raw mV:0.00,0.00
UTC 2023-10-06 04:42:43.140432,Raw mV:0.00,0.00
UTC 2023-10-06 04:42:43.140460,Raw mV:0.00,0.00
UTC 2023-10-06 04:42:43.140487,Raw mV:0.00,0.00
UTC 2023-10-06 04:42:43.140514,Raw mV:0.00,0.00
UTC 2023-10-06 04:42:43.140608,CountsCPS:0.00	 Sampling FPS:555.56	 PrintFPS:111.11,0.00,555.56,111.11
UTC 2023-10-06 04:42:43.140636,Raw mV:0.00,0.00
UTC 2023-10-06 04:42:43.140663,Raw mV:0.00,0.00
UTC 2023-10-06 04:42:43.140689,Raw mV:0.00,0.00
UTC 2023-10-06 04:42:43.140715,Raw mV:0.00,0.00
UTC 2023-10-06 04:42:43.140743,Raw mV:0.00,0.00
UTC 2023-10-06 04:42:43.140836,CountsCPS:0.00	 Sampling FPS:555.56	 PrintFPS:111.11,0.00,555.56,111.11
UTC 2023-10-06 04:42:43.140864,Raw mV:0.00,0.00
UTC 2023-10-06 04:42:43.140890,Raw mV:0.00,0.00
UTC 2023-10-06 04:42:43.140916,Raw mV:0.00,0.00
UTC 2023-10-06 04:42:43.140942,Raw mV:0.00,0.00
UTC 2023-10-06 04:42:43.140968,Raw mV:0.00,0.00
UTC 2023-10-06 04:42:43.141059,CountsCPS:0.00	 Sampling FPS:625.00	 PrintFPS:125.00,0.00,625.00,125.00
UTC 2023-10-06 04:42:43.141087,Raw mV:0.00,0.00
UTC 2023-10-06 04:42:43.141116,Raw mV:0.00,0.00
UTC 2023-10-06 04:42:43.141144,Raw mV:0.00,0.00
UTC 2023-10-06 04:42:43.141172,Raw mV:0.00,0.00
UTC 2023-10-06 04:42:43.141198,Raw mV:0.00,0.00
UTC 2023-10-06 04:42:43.141286,CountsCPS:0.00	 Sampling FPS:625.00	 PrintFPS:125.00,0.00,625.00,125.00
UTC 2023-10-06 04:42:43.141319,Raw mV:0.00,0.00
UTC 2023-10-06 04:42:43.141346,Raw mV:0.00,0.00
UTC 2023-10-06 04:42:43.141375,Raw mV:0.00,0.00
UTC 2023-10-06 04:42:43.141403,Raw mV:0.00,0.00
UTC 2023-10-06 04:42:43.141430,Raw mV:0.00,0.00
UTC 2023-10-06 04:42:43.141518,CountsCPS:0.00	 Sampling FPS:555.56	 PrintFPS:111.11,0.00,555.56,111.11
UTC 2023-10-06 04:42:43.141545,Raw mV:0.00,0.00
UTC 2023-10-06 04:42:43.141576,Raw mV:0.00,0.00
UTC 2023-10-06 04:42:43.141603,Raw mV:0.00,0.00
UTC 2023-10-06 04:42:43.141631,Raw mV:0.00,0.00
UTC 2023-10-06 04:42:43.141657,Raw mV:0.00,0.00
UTC 2023-10-06 04:42:43.141746,CountsCPS:0.00	 Sampling FPS:555.56	 PrintFPS:111.11,0.00,555.56,111.11
UTC 2023-10-06 04:42:43.141776,Raw mV:0.00,0.00
UTC 2023-10-06 04:42:43.141804,Raw mV:0.00,0.00
UTC 2023-10-06 04:42:43.141836,Raw mV:0.00,0.00
UTC 2023-10-06 04:42:43.141863,Raw mV:0.00,0.00
UTC 2023-10-06 04:42:43.141892,Raw mV:0.00,0.00
UTC 2023-10-06 04:42:43.141981,CountsCPS:0.00	 Sampling FPS:625.00	 PrintFPS:125.00,0.00,625.00,125.00
UTC 2023-10-06 04:42:43.142009,Raw mV:0.00,0.00
UTC 2023-10-06 04:42:43.142037,Raw mV:0.00,0.00
UTC 2023-10-06 04:42:43.142065,Raw mV:0.00,0.00
UTC 2023-10-06 04:42:43.142098,Raw mV:0.00,0.00
UTC 2023-10-06 04:42:43.142127,Raw mV:0.00,0.00
UTC 2023-10-06 04:42:43.142216,CountsCPS:0.00	 Sampling FPS:625.00	 PrintFPS:125.00,0.00,625.00,125.00
UTC 2023-10-06 04:42:43.142243,Raw mV:0.00,0.00
UTC 2023-10-06 04:42:43.142271,Raw mV:0.00,0.00
UTC 2023-10-06 04:42:43.142298,Raw mV:0.00,0.00
UTC 2023-10-06 04:42:43.142327,Raw mV:0.00,0.00
UTC 2023-10-06 04:42:43.142376,Raw mV:0.00,0.00
UTC 2023-10-06 04:42:43.142466,CountsCPS:0.00	 Sampling FPS:555.56	 PrintFPS:111.11,0.00,555.56,111.11
UTC 2023-10-06 04:42:43.142493,Raw mV:0.00,0.00
UTC 2023-10-06 04:42:43.142521,Raw mV:0.00,0.00
UTC 2023-10-06 04:42:43.142551,Raw mV:0.00,0.00
UTC 2023-10-06 04:42:43.142578,Raw mV:0.00,0.00
UTC 2023-10-06 04:42:43.142606,Raw mV:0.00,0.00
UTC 2023-10-06 04:42:43.142697,CountsCPS:0.00	 Sampling FPS:625.00	 PrintFPS:125.00,0.00,625.00,125.00
UTC 2023-10-06 04:42:43.142724,Raw mV:0.00,0.00
UTC 2023-10-06 04:42:43.142753,Raw mV:0.00,0.00
UTC 2023-10-06 04:42:43.142780,Raw mV:0.00,0.00
UTC 2023-10-06 04:42:43.142808,Raw mV:0.00,0.00
UTC 2023-10-06 04:42:43.142835,Raw mV:0.00,0.00
UTC 2023-10-06 04:42:43.142929,CountsCPS:0.00	 Sampling FPS:625.00	 PrintFPS:125.00,0.00,625.00,125.00
UTC 2023-10-06 04:42:43.142957,Raw mV:0.00,0.00
UTC 2023-10-06 04:42:43.142986,Raw mV:0.00,0.00
UTC 2023-10-06 04:42:43.143014,Raw mV:0.00,0.00
UTC 2023-10-06 04:42:43.143041,Raw mV:0.00,0.00
UTC 2023-10-06 04:42:43.143069,Raw mV:0.00,0.00
UTC 2023-10-06 04:42:43.143164,CountsCPS:0.00	 Sampling FPS:555.56	 PrintFPS:111.11,0.00,555.56,111.11
UTC 2023-10-06 04:42:43.143191,Raw mV:0.00,0.00
UTC 2023-10-06 04:42:43.143219,Raw mV:0.00,0.00
UTC 2023-10-06 04:42:43.143247,Raw mV:0.00,0.00
UTC 2023-10-06 04:42:43.143274,Raw mV:0.00,0.00
UTC 2023-10-06 04:42:43.143301,Raw mV:0.00,0.00
UTC 2023-10-06 04:42:43.143390,CountsCPS:0.00	 Sampling FPS:555.56	 PrintFPS:111.11,0.00,555.56,111.11
UTC 2023-10-06 04:42:43.143422,Raw mV:0.00,0.00
UTC 2023-10-06 04:42:43.143449,Raw mV:0.00,0.00
UTC 2023-10-06 04:42:43.143475,Raw mV:0.00,0.00
UTC 2023-10-06 04:42:43.143502,Raw mV:0.00,0.00
UTC 2023-10-06 04:42:43.143530,Raw mV:0.00,0.00
UTC 2023-10-06 04:42:43.143618,CountsCPS:0.00	 Sampling FPS:625.00	 PrintFPS:125.00,0.00,625.00,125.00
UTC 2023-10-06 04:42:43.143645,Raw mV:0.00,0.00
UTC 2023-10-06 04:42:43.143677,Raw mV:0.00,0.00
UTC 2023-10-06 04:42:43.143705,Raw mV:0.00,0.00
UTC 2023-10-06 04:42:43.143733,Raw mV:0.00,0.00
UTC 2023-10-06 04:42:43.143761,Raw mV:0.00,0.00
UTC 2023-10-06 04:42:43.143848,CountsCPS:0.00	 Sampling FPS:625.00	 PrintFPS:125.00,0.00,625.00,125.00
UTC 2023-10-06 04:42:43.143876,Raw mV:0.00,0.00
UTC 2023-10-06 04:42:43.143904,Raw mV:0.00,0.00
UTC 2023-10-06 04:42:43.143935,Raw mV:0.00,0.00
UTC 2023-10-06 04:42:43.143963,Raw mV:0.00,0.00
UTC 2023-10-06 04:42:43.143991,Raw mV:0.00,0.00
UTC 2023-10-06 04:42:43.144078,CountsCPS:0.00	 Sampling FPS:555.56	 PrintFPS:111.11,0.00,555.56,111.11
UTC 2023-10-06 04:42:43.144106,Raw mV:0.00,0.00
UTC 2023-10-06 04:42:43.144134,Raw mV:0.00,0.00
UTC 2023-10-06 04:42:43.144162,Raw mV:0.00,0.00
UTC 2023-10-06 04:42:43.144192,Raw mV:0.00,0.00
UTC 2023-10-06 04:42:43.144221,Raw mV:0.00,0.00
UTC 2023-10-06 04:42:43.144310,CountsCPS:0.00	 Sampling FPS:555.56	 PrintFPS:111.11,0.00,555.56,111.11
UTC 2023-10-06 04:42:43.144338,Raw mV:0.00,0.00
UTC 2023-10-06 04:42:43.144418,Raw mV:0.00,0.00
UTC 2023-10-06 04:42:43.144468,Raw mV:0.00,0.00
UTC 2023-10-06 04:42:43.144503,Raw mV:0.00,0.00
UTC 2023-10-06 04:42:43.144540,Raw mV:0.00,0.00
UTC 2023-10-06 04:42:43.144639,CountsCPS:0.00	 Sampling FPS:625.00	 PrintFPS:125.00,0.00,625.00,125.00
UTC 2023-10-06 04:42:43.144670,Raw mV:0.00,0.00
UTC 2023-10-06 04:42:43.144698,Raw mV:0.00,0.00
UTC 2023-10-06 04:42:43.144727,Raw mV:0.00,0.00
UTC 2023-10-06 04:42:43.144757,Raw mV:0.00,0.00
UTC 2023-10-06 04:42:43.144785,Raw mV:0.00,0.00
UTC 2023-10-06 04:42:43.144881,CountsCPS:0.00	 Sampling FPS:625.00	 PrintFPS:125.00,0.00,625.00,125.00
UTC 2023-10-06 04:42:43.144909,Raw mV:0.00,0.00
UTC 2023-10-06 04:42:43.144936,Raw mV:0.00,0.00
UTC 2023-10-06 04:42:43.144963,Raw mV:0.00,0.00
UTC 2023-10-06 04:42:43.144990,Raw mV:0.00,0.00
UTC 2023-10-06 04:42:43.145017,Raw mV:0.00,0.00
UTC 2023-10-06 04:42:43.145117,CountsCPS:0.00	 Sampling FPS:555.56	 PrintFPS:111.11,0.00,555.56,111.11
UTC 2023-10-06 04:42:43.145145,Raw mV:0.00,0.00
UTC 2023-10-06 04:42:43.145172,Raw mV:0.00,0.00
UTC 2023-10-06 04:42:43.145214,Raw mV:0.00,0.00
UTC 2023-10-06 04:42:43.145242,Raw mV:0.00,0.00
UTC 2023-10-06 04:42:43.145269,Raw mV:0.00,0.00
UTC 2023-10-06 04:42:43.145364,CountsCPS:0.00	 Sampling FPS:555.56	 PrintFPS:111.11,0.00,555.56,111.11
UTC 2023-10-06 04:42:43.145392,Raw mV:0.00,0.00
UTC 2023-10-06 04:42:43.145421,Raw mV:0.00,0.00
UTC 2023-10-06 04:42:43.145451,Raw mV:0.00,0.00
UTC 2023-10-06 04:42:43.145479,Raw mV:0.00,0.00
UTC 2023-10-06 04:42:43.145505,Raw mV:0.00,0.00
UTC 2023-10-06 04:42:43.145595,CountsCPS:0.00	 Sampling FPS:625.00	 PrintFPS:125.00,0.00,625.00,125.00
UTC 2023-10-06 04:42:43.145629,Raw mV:0.00,0.00
UTC 2023-10-06 04:42:43.145658,Raw mV:0.00,0.00
UTC 2023-10-06 04:42:43.145688,Raw mV:0.00,0.00
UTC 2023-10-06 04:42:43.145716,Raw mV:0.00,0.00
UTC 2023-10-06 04:42:43.145744,Raw mV:0.00,0.00
UTC 2023-10-06 04:42:43.145839,CountsCPS:0.00	 Sampling FPS:625.00	 PrintFPS:125.00,0.00,625.00,125.00
UTC 2023-10-06 04:42:43.145866,Raw mV:0.00,0.00
UTC 2023-10-06 04:42:43.145896,Raw mV:0.00,0.00
UTC 2023-10-06 04:42:43.145926,Raw mV:0.00,0.00
UTC 2023-10-06 04:42:43.145951,Raw mV:0.00,0.00
UTC 2023-10-06 04:42:43.145978,Raw mV:0.00,0.00
UTC 2023-10-06 04:42:43.146069,CountsCPS:0.00	 Sampling FPS:555.56	 PrintFPS:111.11,0.00,555.56,111.11
UTC 2023-10-06 04:42:43.146096,Raw mV:0.00,0.00
UTC 2023-10-06 04:42:43.146146,Raw mV:0.00,0.00
UTC 2023-10-06 04:42:43.146190,Raw mV:0.00,0.00
UTC 2023-10-06 04:42:43.146223,Raw mV:0.00,0.00
UTC 2023-10-06 04:42:43.146253,Raw mV:0.00,0.00
UTC 2023-10-06 04:42:43.146348,CountsCPS:0.00	 Sampling FPS:555.56	 PrintFPS:111.11,0.00,555.56,111.11
UTC 2023-10-06 04:42:43.146376,Raw mV:0.00,0.00
UTC 2023-10-06 04:42:43.146404,Raw mV:0.00,0.00
UTC 2023-10-06 04:42:43.146432,Raw mV:0.00,0.00
UTC 2023-10-06 04:42:43.146463,Raw mV:0.00,0.00
UTC 2023-10-06 04:42:43.146492,Raw mV:0.00,0.00
UTC 2023-10-06 04:42:43.146581,CountsCPS:0.00	 Sampling FPS:625.00	 PrintFPS:125.00,0.00,625.00,125.00
UTC 2023-10-06 04:42:43.146609,Raw mV:0.00,0.00
UTC 2023-10-06 04:42:43.146639,Raw mV:0.00,0.00
UTC 2023-10-06 04:42:43.146667,Raw mV:0.00,0.00
UTC 2023-10-06 04:42:43.146696,Raw mV:0.00,0.00
UTC 2023-10-06 04:42:43.146732,Raw mV:0.00,0.00
UTC 2023-10-06 04:42:43.146824,CountsCPS:0.00	 Sampling FPS:625.00	 PrintFPS:125.00,0.00,625.00,125.00
UTC 2023-10-06 04:42:43.146851,Raw mV:0.00,0.00
UTC 2023-10-06 04:42:43.146880,Raw mV:0.00,0.00
UTC 2023-10-06 04:42:43.146908,Raw mV:0.00,0.00
UTC 2023-10-06 04:42:43.146935,Raw mV:0.00,0.00
UTC 2023-10-06 04:42:43.146964,Raw mV:0.00,0.00
UTC 2023-10-06 04:42:43.147063,CountsCPS:0.00	 Sampling FPS:555.56	 PrintFPS:111.11,0.00,555.56,111.11
UTC 2023-10-06 04:42:43.147093,Raw mV:0.00,0.00
UTC 2023-10-06 04:42:43.147121,Raw mV:0.00,0.00
UTC 2023-10-06 04:42:43.147148,Raw mV:0.00,0.00
UTC 2023-10-06 04:42:43.147177,Raw mV:0.00,0.00
UTC 2023-10-06 04:42:43.147207,Raw mV:0.00,0.00
UTC 2023-10-06 04:42:43.147309,CountsCPS:0.00	 Sampling FPS:555.56	 PrintFPS:111.11,0.00,555.56,111.11
UTC 2023-10-06 04:42:43.147336,Raw mV:0.00,0.00
UTC 2023-10-06 04:42:43.147364,Raw mV:0.00,0.00
UTC 2023-10-06 04:42:43.147391,Raw mV:0.00,0.00
UTC 2023-10-06 04:42:43.147422,Raw mV:0.00,0.00
UTC 2023-10-06 04:42:43.147451,Raw mV:0.00,0.00
UTC 2023-10-06 04:42:43.147544,CountsCPS:0.00	 Sampling FPS:625.00	 PrintFPS:125.00,0.00,625.00,125.00
UTC 2023-10-06 04:42:43.147572,Raw mV:0.00,0.00
UTC 2023-10-06 04:42:43.147600,Raw mV:0.00,0.00
UTC 2023-10-06 04:42:43.147629,Raw mV:0.00,0.00
UTC 2023-10-06 04:42:43.147657,Raw mV:0.00,0.00
UTC 2023-10-06 04:42:43.147686,Raw mV:0.00,0.00
UTC 2023-10-06 04:42:43.147775,CountsCPS:0.00	 Sampling FPS:625.00	 PrintFPS:125.00,0.00,625.00,125.00
UTC 2023-10-06 04:42:43.147805,Raw mV:0.00,0.00
UTC 2023-10-06 04:42:43.147835,Raw mV:0.00,0.00
UTC 2023-10-06 04:42:43.147864,Raw mV:0.00,0.00
UTC 2023-10-06 04:42:43.147893,Raw mV:0.00,0.00
UTC 2023-10-06 04:42:43.147922,Raw mV:0.00,0.00
UTC 2023-10-06 04:42:43.148013,CountsCPS:0.00	 Sampling FPS:555.56	 PrintFPS:111.11,0.00,555.56,111.11
UTC 2023-10-06 04:42:43.148052,Raw mV:0.00,0.00
UTC 2023-10-06 04:42:43.148085,Raw mV:0.00,0.00
UTC 2023-10-06 04:42:43.148113,Raw mV:0.00,0.00
UTC 2023-10-06 04:42:43.148142,Raw mV:0.00,0.00
UTC 2023-10-06 04:42:43.148170,Raw mV:0.00,0.00
UTC 2023-10-06 04:42:43.148258,CountsCPS:0.00	 Sampling FPS:625.00	 PrintFPS:125.00,0.00,625.00,125.00
UTC 2023-10-06 04:42:43.148285,Raw mV:0.00,0.00
UTC 2023-10-06 04:42:43.148313,Raw mV:0.00,0.00
UTC 2023-10-06 04:42:43.148347,Raw mV:0.00,0.00
UTC 2023-10-06 04:42:43.148376,Raw mV:0.00,0.00
UTC 2023-10-06 04:42:43.148404,Raw mV:0.00,0.00
UTC 2023-10-06 04:42:43.148491,CountsCPS:0.00	 Sampling FPS:625.00	 PrintFPS:125.00,0.00,625.00,125.00
UTC 2023-10-06 04:42:43.148518,Raw mV:0.00,0.00
UTC 2023-10-06 04:42:43.148546,Raw mV:0.00,0.00
UTC 2023-10-06 04:42:43.148574,Raw mV:0.00,0.00
UTC 2023-10-06 04:42:43.148607,Raw mV:0.00,0.00
UTC 2023-10-06 04:42:43.148638,Raw mV:0.00,0.00
UTC 2023-10-06 04:42:43.148728,CountsCPS:0.00	 Sampling FPS:555.56	 PrintFPS:111.11,0.00,555.56,111.11
UTC 2023-10-06 04:42:43.148755,Raw mV:0.00,0.00
UTC 2023-10-06 04:42:43.148785,Raw mV:0.00,0.00
UTC 2023-10-06 04:42:43.148812,Raw mV:0.00,0.00
UTC 2023-10-06 04:42:43.148845,Raw mV:0.00,0.00
UTC 2023-10-06 04:42:43.148874,Raw mV:0.00,0.00
UTC 2023-10-06 04:42:43.148967,CountsCPS:0.00	 Sampling FPS:555.56	 PrintFPS:111.11,0.00,555.56,111.11
UTC 2023-10-06 04:42:43.148993,Raw mV:0.00,0.00
UTC 2023-10-06 04:42:43.149020,Raw mV:0.00,0.00
UTC 2023-10-06 04:42:43.149050,Raw mV:0.00,0.00
UTC 2023-10-06 04:42:43.149079,Raw mV:0.00,0.00
UTC 2023-10-06 04:42:43.149125,Raw mV:0.00,0.00
UTC 2023-10-06 04:42:43.149229,CountsCPS:0.00	 Sampling FPS:625.00	 PrintFPS:125.00,0.00,625.00,125.00
UTC 2023-10-06 04:42:43.149256,Raw mV:0.00,0.00
UTC 2023-10-06 04:42:43.149284,Raw mV:0.00,0.00
UTC 2023-10-06 04:42:43.149312,Raw mV:0.00,0.00
UTC 2023-10-06 04:42:43.149340,Raw mV:0.00,0.00
UTC 2023-10-06 04:42:43.149368,Raw mV:0.00,0.00
UTC 2023-10-06 04:42:43.149466,CountsCPS:0.00	 Sampling FPS:625.00	 PrintFPS:125.00,0.00,625.00,125.00
UTC 2023-10-06 04:42:43.149493,Raw mV:0.00,0.00
UTC 2023-10-06 04:42:43.149521,Raw mV:0.00,0.00
UTC 2023-10-06 04:42:43.149549,Raw mV:0.00,0.00
UTC 2023-10-06 04:42:43.149577,Raw mV:0.00,0.00
UTC 2023-10-06 04:42:43.149604,Raw mV:0.00,0.00
UTC 2023-10-06 04:42:43.149699,CountsCPS:0.00	 Sampling FPS:555.56	 PrintFPS:111.11,0.00,555.56,111.11
UTC 2023-10-06 04:42:43.149726,Raw mV:0.00,0.00
UTC 2023-10-06 04:42:43.149754,Raw mV:0.00,0.00
UTC 2023-10-06 04:42:43.149781,Raw mV:0.00,0.00
UTC 2023-10-06 04:42:43.149809,Raw mV:0.00,0.00
UTC 2023-10-06 04:42:43.149834,Raw mV:0.00,0.00
UTC 2023-10-06 04:42:43.150002,CountsCPS:0.00	 Sampling FPS:555.56	 PrintFPS:111.11,0.00,555.56,111.11
UTC 2023-10-06 04:42:43.150042,Raw mV:0.00,0.00
UTC 2023-10-06 04:42:43.150071,Raw mV:0.00,0.00
UTC 2023-10-06 04:42:43.150099,Raw mV:0.00,0.00
UTC 2023-10-06 04:42:43.150128,Raw mV:0.00,0.00
UTC 2023-10-06 04:42:43.150155,Raw mV:0.00,0.00
UTC 2023-10-06 04:42:43.150244,CountsCPS:0.00	 Sampling FPS:625.00	 PrintFPS:125.00,0.00,625.00,125.00
UTC 2023-10-06 04:42:43.150273,Raw mV:0.00,0.00
UTC 2023-10-06 04:42:43.150305,Raw mV:0.00,0.00
UTC 2023-10-06 04:42:43.150333,Raw mV:0.00,0.00
UTC 2023-10-06 04:42:43.150362,Raw mV:0.00,0.00
UTC 2023-10-06 04:42:43.150390,Raw mV:0.00,0.00
UTC 2023-10-06 04:42:43.150478,CountsCPS:0.00	 Sampling FPS:625.00	 PrintFPS:125.00,0.00,625.00,125.00
UTC 2023-10-06 04:42:43.150504,Raw mV:0.00,0.00
UTC 2023-10-06 04:42:43.150532,Raw mV:0.00,0.00
UTC 2023-10-06 04:42:43.150562,Raw mV:0.00,0.00
UTC 2023-10-06 04:42:43.150590,Raw mV:0.00,0.00
UTC 2023-10-06 04:42:43.150618,Raw mV:0.00,0.00
UTC 2023-10-06 04:42:43.150711,CountsCPS:0.00	 Sampling FPS:555.56	 PrintFPS:111.11,0.00,555.56,111.11
UTC 2023-10-06 04:42:43.150738,Raw mV:0.00,0.00
UTC 2023-10-06 04:42:43.150764,Raw mV:0.00,0.00
UTC 2023-10-06 04:42:43.150792,Raw mV:0.00,0.00
UTC 2023-10-06 04:42:43.150821,Raw mV:0.00,0.00
UTC 2023-10-06 04:42:43.150847,Raw mV:0.00,0.00
UTC 2023-10-06 04:42:43.150943,CountsCPS:0.00	 Sampling FPS:555.56	 PrintFPS:111.11,0.00,555.56,111.11
UTC 2023-10-06 04:42:43.150970,Raw mV:0.00,0.00
UTC 2023-10-06 04:42:43.150997,Raw mV:0.00,0.00
UTC 2023-10-06 04:42:43.151025,Raw mV:0.00,0.00
UTC 2023-10-06 04:42:43.151053,Raw mV:0.00,0.00
UTC 2023-10-06 04:42:43.151089,Raw mV:0.00,0.00
UTC 2023-10-06 04:42:43.151179,CountsCPS:0.00	 Sampling FPS:625.00	 PrintFPS:125.00,0.00,625.00,125.00
UTC 2023-10-06 04:42:43.151211,Raw mV:0.00,0.00
UTC 2023-10-06 04:42:43.151238,Raw mV:0.00,0.00
UTC 2023-10-06 04:42:43.151270,Raw mV:0.00,0.00
UTC 2023-10-06 04:42:43.151298,Raw mV:0.00,0.00
UTC 2023-10-06 04:42:43.151326,Raw mV:0.00,0.00
UTC 2023-10-06 04:42:43.151422,CountsCPS:0.00	 Sampling FPS:625.00	 PrintFPS:125.00,0.00,625.00,125.00
UTC 2023-10-06 04:42:43.151448,Raw mV:0.00,0.00
UTC 2023-10-06 04:42:43.151476,Raw mV:0.00,0.00
UTC 2023-10-06 04:42:43.151504,Raw mV:0.00,0.00
UTC 2023-10-06 04:42:43.151532,Raw mV:0.00,0.00
UTC 2023-10-06 04:42:43.151560,Raw mV:0.00,0.00
UTC 2023-10-06 04:42:43.151659,CountsCPS:0.00	 Sampling FPS:555.56	 PrintFPS:111.11,0.00,555.56,111.11
UTC 2023-10-06 04:42:43.151686,Raw mV:0.00,0.00
UTC 2023-10-06 04:42:43.151714,Raw mV:0.00,0.00
UTC 2023-10-06 04:42:43.151741,Raw mV:0.00,0.00
UTC 2023-10-06 04:42:43.151769,Raw mV:0.00,0.00
UTC 2023-10-06 04:42:43.151797,Raw mV:0.00,0.00
UTC 2023-10-06 04:42:43.151893,CountsCPS:0.00	 Sampling FPS:555.56	 PrintFPS:111.11,0.00,555.56,111.11
UTC 2023-10-06 04:42:43.151920,Raw mV:0.00,0.00
UTC 2023-10-06 04:42:43.151948,Raw mV:0.00,0.00
UTC 2023-10-06 04:42:43.151976,Raw mV:0.00,0.00
UTC 2023-10-06 04:42:43.152005,Raw mV:0.00,0.00
UTC 2023-10-06 04:42:43.152034,Raw mV:0.00,0.00
UTC 2023-10-06 04:42:43.152122,CountsCPS:0.00	 Sampling FPS:625.00	 PrintFPS:125.00,0.00,625.00,125.00
UTC 2023-10-06 04:42:43.152155,Raw mV:0.00,0.00
UTC 2023-10-06 04:42:43.152182,Raw mV:0.00,0.00
UTC 2023-10-06 04:42:43.152215,Raw mV:0.00,0.00
UTC 2023-10-06 04:42:43.152244,Raw mV:0.00,0.00
UTC 2023-10-06 04:42:43.152272,Raw mV:0.00,0.00
UTC 2023-10-06 04:42:43.152361,CountsCPS:0.00	 Sampling FPS:625.00	 PrintFPS:125.00,0.00,625.00,125.00
UTC 2023-10-06 04:42:43.152389,Raw mV:0.00,0.00
UTC 2023-10-06 04:42:43.152424,Raw mV:0.00,0.00
UTC 2023-10-06 04:42:43.152453,Raw mV:0.00,0.00
UTC 2023-10-06 04:42:43.152481,Raw mV:0.00,0.00
UTC 2023-10-06 04:42:43.152508,Raw mV:0.00,0.00
UTC 2023-10-06 04:42:43.152594,CountsCPS:0.00	 Sampling FPS:555.56	 PrintFPS:111.11,0.00,555.56,111.11
UTC 2023-10-06 04:42:43.152620,Raw mV:0.00,0.00
UTC 2023-10-06 04:42:43.152648,Raw mV:0.00,0.00
UTC 2023-10-06 04:42:43.152683,Raw mV:0.00,0.00
UTC 2023-10-06 04:42:43.152712,Raw mV:0.00,0.00
UTC 2023-10-06 04:42:43.152739,Raw mV:0.00,0.00
UTC 2023-10-06 04:42:43.152830,CountsCPS:0.00	 Sampling FPS:555.56	 PrintFPS:111.11,0.00,555.56,111.11
UTC 2023-10-06 04:42:43.152857,Raw mV:0.00,0.00
UTC 2023-10-06 04:42:43.152884,Raw mV:0.00,0.00
UTC 2023-10-06 04:42:43.152911,Raw mV:0.00,0.00
UTC 2023-10-06 04:42:43.152942,Raw mV:0.00,0.00
UTC 2023-10-06 04:42:43.152970,Raw mV:0.00,0.00
UTC 2023-10-06 04:42:43.153059,CountsCPS:0.00	 Sampling FPS:625.00	 PrintFPS:125.00,0.00,625.00,125.00
UTC 2023-10-06 04:42:43.153085,Raw mV:0.00,0.00
UTC 2023-10-06 04:42:43.153113,Raw mV:0.00,0.00
UTC 2023-10-06 04:42:43.153141,Raw mV:0.00,0.00
UTC 2023-10-06 04:42:43.153169,Raw mV:0.00,0.00
UTC 2023-10-06 04:42:43.153205,Raw mV:0.00,0.00
UTC 2023-10-06 04:42:43.153295,CountsCPS:0.00	 Sampling FPS:625.00	 PrintFPS:125.00,0.00,625.00,125.00
UTC 2023-10-06 04:42:43.153323,Raw mV:0.00,0.00
UTC 2023-10-06 04:42:43.153350,Raw mV:0.00,0.00
UTC 2023-10-06 04:42:43.153378,Raw mV:0.00,0.00
UTC 2023-10-06 04:42:43.153406,Raw mV:0.00,0.00
UTC 2023-10-06 04:42:43.153435,Raw mV:0.00,0.00
UTC 2023-10-06 04:42:43.153529,CountsCPS:0.00	 Sampling FPS:555.56	 PrintFPS:111.11,0.00,555.56,111.11
UTC 2023-10-06 04:42:43.153556,Raw mV:0.00,0.00
UTC 2023-10-06 04:42:43.153583,Raw mV:0.00,0.00
UTC 2023-10-06 04:42:43.153615,Raw mV:0.00,0.00
UTC 2023-10-06 04:42:43.153649,Raw mV:0.00,0.00
UTC 2023-10-06 04:42:43.153677,Raw mV:0.00,0.00
UTC 2023-10-06 04:42:43.153775,CountsCPS:0.00	 Sampling FPS:625.00	 PrintFPS:125.00,0.00,625.00,125.00
UTC 2023-10-06 04:42:43.153801,Raw mV:0.00,0.00
UTC 2023-10-06 04:42:43.153829,Raw mV:0.00,0.00
UTC 2023-10-06 04:42:43.153856,Raw mV:0.00,0.00
UTC 2023-10-06 04:42:43.153890,Raw mV:0.00,0.00
UTC 2023-10-06 04:42:43.153920,Raw mV:0.00,0.00
UTC 2023-10-06 04:42:43.154011,CountsCPS:0.00	 Sampling FPS:625.00	 PrintFPS:125.00,0.00,625.00,125.00
UTC 2023-10-06 04:42:43.154042,Raw mV:0.00,0.00
UTC 2023-10-06 04:42:43.154089,Raw mV:0.00,0.00
UTC 2023-10-06 04:42:43.154135,Raw mV:0.00,0.00
UTC 2023-10-06 04:42:43.154180,Raw mV:0.00,0.00
UTC 2023-10-06 04:42:43.154227,Raw mV:0.00,0.00
UTC 2023-10-06 04:42:43.154378,CountsCPS:0.00	 Sampling FPS:555.56	 PrintFPS:111.11,0.00,555.56,111.11
UTC 2023-10-06 04:42:43.154435,Raw mV:0.00,0.00
UTC 2023-10-06 04:42:43.154484,Raw mV:0.00,0.00
UTC 2023-10-06 04:42:43.154525,Raw mV:0.00,0.00
UTC 2023-10-06 04:42:43.154554,Raw mV:0.00,0.00
UTC 2023-10-06 04:42:43.154582,Raw mV:0.00,0.00
UTC 2023-10-06 04:42:43.154670,CountsCPS:0.00	 Sampling FPS:555.56	 PrintFPS:111.11,0.00,555.56,111.11
UTC 2023-10-06 04:42:43.154698,Raw mV:0.00,0.00
UTC 2023-10-06 04:42:43.154747,Raw mV:0.00,0.00
UTC 2023-10-06 04:42:43.154791,Raw mV:0.00,0.00
UTC 2023-10-06 04:42:43.154823,Raw mV:0.00,0.00
UTC 2023-10-06 04:42:43.154852,Raw mV:0.00,0.00
UTC 2023-10-06 04:42:43.154953,CountsCPS:0.00	 Sampling FPS:625.00	 PrintFPS:125.00,0.00,625.00,125.00
UTC 2023-10-06 04:42:43.154986,Raw mV:0.00,0.00
UTC 2023-10-06 04:42:43.155013,Raw mV:0.00,0.00
UTC 2023-10-06 04:42:43.155045,Raw mV:0.00,0.00
UTC 2023-10-06 04:42:43.155073,Raw mV:0.00,0.00
UTC 2023-10-06 04:42:43.155102,Raw mV:0.00,0.00
UTC 2023-10-06 04:42:43.155192,CountsCPS:0.00	 Sampling FPS:625.00	 PrintFPS:125.00,0.00,625.00,125.00
UTC 2023-10-06 04:42:43.155221,Raw mV:0.00,0.00
UTC 2023-10-06 04:42:43.155249,Raw mV:0.00,0.00
UTC 2023-10-06 04:42:43.155277,Raw mV:0.00,0.00
UTC 2023-10-06 04:42:43.155308,Raw mV:0.00,0.00
UTC 2023-10-06 04:42:43.155336,Raw mV:0.00,0.00
UTC 2023-10-06 04:42:43.155424,CountsCPS:0.00	 Sampling FPS:555.56	 PrintFPS:111.11,0.00,555.56,111.11
UTC 2023-10-06 04:42:43.155451,Raw mV:0.00,0.00
UTC 2023-10-06 04:42:43.155479,Raw mV:0.00,0.00
UTC 2023-10-06 04:42:43.155507,Raw mV:0.00,0.00
UTC 2023-10-06 04:42:43.155535,Raw mV:0.00,0.00
UTC 2023-10-06 04:42:43.155567,Raw mV:0.00,0.00
UTC 2023-10-06 04:42:43.155655,CountsCPS:0.00	 Sampling FPS:555.56	 PrintFPS:111.11,0.00,555.56,111.11
UTC 2023-10-06 04:42:43.155683,Raw mV:0.00,0.00
UTC 2023-10-06 04:42:43.155710,Raw mV:0.00,0.00
UTC 2023-10-06 04:42:43.155738,Raw mV:0.00,0.00
UTC 2023-10-06 04:42:43.155766,Raw mV:0.00,0.00
UTC 2023-10-06 04:42:43.155792,Raw mV:0.00,0.00
UTC 2023-10-06 04:42:43.155887,CountsCPS:0.00	 Sampling FPS:625.00	 PrintFPS:125.00,0.00,625.00,125.00
UTC 2023-10-06 04:42:43.155915,Raw mV:0.00,0.00
UTC 2023-10-06 04:42:43.155943,Raw mV:0.00,0.00
UTC 2023-10-06 04:42:43.155972,Raw mV:0.00,0.00
UTC 2023-10-06 04:42:43.155999,Raw mV:0.00,0.00
UTC 2023-10-06 04:42:43.156027,Raw mV:0.00,0.00
UTC 2023-10-06 04:42:43.156119,CountsCPS:0.00	 Sampling FPS:625.00	 PrintFPS:125.00,0.00,625.00,125.00
UTC 2023-10-06 04:42:43.156146,Raw mV:0.00,0.00
UTC 2023-10-06 04:42:43.156174,Raw mV:0.00,0.00
UTC 2023-10-06 04:42:43.156202,Raw mV:0.00,0.00
UTC 2023-10-06 04:42:43.156229,Raw mV:0.00,0.00
UTC 2023-10-06 04:42:43.156256,Raw mV:0.00,0.00
UTC 2023-10-06 04:42:43.156348,CountsCPS:0.00	 Sampling FPS:555.56	 PrintFPS:111.11,0.00,555.56,111.11
UTC 2023-10-06 04:42:43.156376,Raw mV:0.00,0.00
UTC 2023-10-06 04:42:43.156403,Raw mV:0.00,0.00
UTC 2023-10-06 04:42:43.156435,Raw mV:0.00,0.00
UTC 2023-10-06 04:42:43.156464,Raw mV:0.00,0.00
UTC 2023-10-06 04:42:43.156503,Raw mV:0.00,0.00
UTC 2023-10-06 04:42:43.156598,CountsCPS:0.00	 Sampling FPS:555.56	 PrintFPS:111.11,0.00,555.56,111.11
UTC 2023-10-06 04:42:43.156629,Raw mV:0.00,0.00
UTC 2023-10-06 04:42:43.156658,Raw mV:0.00,0.00
UTC 2023-10-06 04:42:43.156697,Raw mV:0.00,0.00
UTC 2023-10-06 04:42:43.156725,Raw mV:0.00,0.00
UTC 2023-10-06 04:42:43.156754,Raw mV:0.00,0.00
UTC 2023-10-06 04:42:43.156842,CountsCPS:0.00	 Sampling FPS:625.00	 PrintFPS:125.00,0.00,625.00,125.00
UTC 2023-10-06 04:42:43.156870,Raw mV:0.00,0.00
UTC 2023-10-06 04:42:43.156901,Raw mV:0.00,0.00
UTC 2023-10-06 04:42:43.156929,Raw mV:0.00,0.00
UTC 2023-10-06 04:42:43.156956,Raw mV:0.00,0.00
UTC 2023-10-06 04:42:43.156985,Raw mV:0.00,0.00
UTC 2023-10-06 04:42:43.157073,CountsCPS:0.00	 Sampling FPS:625.00	 PrintFPS:125.00,0.00,625.00,125.00
UTC 2023-10-06 04:42:43.157101,Raw mV:0.00,0.00
UTC 2023-10-06 04:42:43.157129,Raw mV:0.00,0.00
UTC 2023-10-06 04:42:43.157162,Raw mV:0.00,0.00
UTC 2023-10-06 04:42:43.157191,Raw mV:0.00,0.00
UTC 2023-10-06 04:42:43.157218,Raw mV:0.00,0.00
UTC 2023-10-06 04:42:43.157305,CountsCPS:0.00	 Sampling FPS:555.56	 PrintFPS:111.11,0.00,555.56,111.11
UTC 2023-10-06 04:42:43.157332,Raw mV:0.00,0.00
UTC 2023-10-06 04:42:43.157360,Raw mV:0.00,0.00
UTC 2023-10-06 04:42:43.157388,Raw mV:0.00,0.00
UTC 2023-10-06 04:42:43.157422,Raw mV:0.00,0.00
UTC 2023-10-06 04:42:43.157452,Raw mV:0.00,0.00
UTC 2023-10-06 04:42:43.157551,CountsCPS:0.00	 Sampling FPS:555.56	 PrintFPS:111.11,0.00,555.56,111.11
UTC 2023-10-06 04:42:43.157579,Raw mV:0.00,0.00
UTC 2023-10-06 04:42:43.157607,Raw mV:0.00,0.00
UTC 2023-10-06 04:42:43.157636,Raw mV:0.00,0.00
UTC 2023-10-06 04:42:43.157663,Raw mV:0.00,0.00
UTC 2023-10-06 04:42:43.157698,Raw mV:0.00,0.00
UTC 2023-10-06 04:42:43.157788,CountsCPS:0.00	 Sampling FPS:625.00	 PrintFPS:125.00,0.00,625.00,125.00
UTC 2023-10-06 04:42:43.157817,Raw mV:0.00,0.00
UTC 2023-10-06 04:42:43.157845,Raw mV:0.00,0.00
UTC 2023-10-06 04:42:43.157871,Raw mV:0.00,0.00
UTC 2023-10-06 04:42:43.157899,Raw mV:0.00,0.00
UTC 2023-10-06 04:42:43.157926,Raw mV:0.00,0.00
UTC 2023-10-06 04:42:43.158018,CountsCPS:0.00	 Sampling FPS:625.00	 PrintFPS:125.00,0.00,625.00,125.00
UTC 2023-10-06 04:42:43.158145,Raw mV:0.00,0.00
UTC 2023-10-06 04:42:43.158180,Raw mV:0.00,0.00
UTC 2023-10-06 04:42:43.158207,Raw mV:0.00,0.00
UTC 2023-10-06 04:42:43.158233,Raw mV:0.00,0.00
UTC 2023-10-06 04:42:43.158262,Raw mV:0.00,0.00
UTC 2023-10-06 04:42:43.158356,CountsCPS:0.00	 Sampling FPS:555.56	 PrintFPS:111.11,0.00,555.56,111.11
UTC 2023-10-06 04:42:43.158384,Raw mV:0.00,0.00
UTC 2023-10-06 04:42:43.158411,Raw mV:0.00,0.00
UTC 2023-10-06 04:42:43.158438,Raw mV:0.00,0.00
UTC 2023-10-06 04:42:43.158464,Raw mV:0.00,0.00
UTC 2023-10-06 04:42:43.158491,Raw mV:0.00,0.00
UTC 2023-10-06 04:42:43.158581,CountsCPS:0.00	 Sampling FPS:625.00	 PrintFPS:125.00,0.00,625.00,125.00
UTC 2023-10-06 04:42:43.158611,Raw mV:0.00,0.00
UTC 2023-10-06 04:42:43.158639,Raw mV:0.00,0.00
UTC 2023-10-06 04:42:43.158666,Raw mV:0.00,0.00
UTC 2023-10-06 04:42:43.158692,Raw mV:0.00,0.00
UTC 2023-10-06 04:42:43.158719,Raw mV:0.00,0.00
UTC 2023-10-06 04:42:43.158807,CountsCPS:0.00	 Sampling FPS:625.00	 PrintFPS:125.00,0.00,625.00,125.00
UTC 2023-10-06 04:42:43.158835,Raw mV:0.00,0.00
UTC 2023-10-06 04:42:43.158866,Raw mV:0.00,0.00
UTC 2023-10-06 04:42:43.158894,Raw mV:0.00,0.00
UTC 2023-10-06 04:42:43.158921,Raw mV:0.00,0.00
UTC 2023-10-06 04:42:43.158948,Raw mV:0.00,0.00
UTC 2023-10-06 04:42:43.159036,CountsCPS:0.00	 Sampling FPS:555.56	 PrintFPS:111.11,0.00,555.56,111.11
UTC 2023-10-06 04:42:43.159065,Raw mV:0.00,0.00
UTC 2023-10-06 04:42:43.159093,Raw mV:0.00,0.00
UTC 2023-10-06 04:42:43.159126,Raw mV:0.00,0.00
UTC 2023-10-06 04:42:43.159153,Raw mV:0.00,0.00
UTC 2023-10-06 04:42:43.159180,Raw mV:0.00,0.00
UTC 2023-10-06 04:42:43.159272,CountsCPS:0.00	 Sampling FPS:555.56	 PrintFPS:111.11,0.00,555.56,111.11
UTC 2023-10-06 04:42:43.159300,Raw mV:0.00,0.00
UTC 2023-10-06 04:42:43.159327,Raw mV:0.00,0.00
UTC 2023-10-06 04:42:43.159354,Raw mV:0.00,0.00
UTC 2023-10-06 04:42:43.159388,Raw mV:0.00,0.00
UTC 2023-10-06 04:42:43.159415,Raw mV:0.00,0.00
UTC 2023-10-06 04:42:43.159513,CountsCPS:0.00	 Sampling FPS:625.00	 PrintFPS:125.00,0.00,625.00,125.00
UTC 2023-10-06 04:42:43.159562,Raw mV:0.00,0.00
UTC 2023-10-06 04:42:43.159590,Raw mV:0.00,0.00
UTC 2023-10-06 04:42:43.159619,Raw mV:0.00,0.00
UTC 2023-10-06 04:42:43.159647,Raw mV:0.00,0.00
UTC 2023-10-06 04:42:43.159675,Raw mV:0.00,0.00
UTC 2023-10-06 04:42:43.159764,CountsCPS:0.00	 Sampling FPS:625.00	 PrintFPS:125.00,0.00,625.00,125.00
UTC 2023-10-06 04:42:43.159791,Raw mV:0.00,0.00
UTC 2023-10-06 04:42:43.159818,Raw mV:0.00,0.00
UTC 2023-10-06 04:42:43.159844,Raw mV:0.00,0.00
UTC 2023-10-06 04:42:43.159870,Raw mV:0.00,0.00
UTC 2023-10-06 04:42:43.159896,Raw mV:0.00,0.00
UTC 2023-10-06 04:42:43.160149,CountsCPS:0.00	 Sampling FPS:555.56	 PrintFPS:111.11,0.00,555.56,111.11
UTC 2023-10-06 04:42:43.160199,Raw mV:0.00,0.00
UTC 2023-10-06 04:42:43.160230,Raw mV:0.00,0.00
UTC 2023-10-06 04:42:43.160260,Raw mV:0.00,0.00
UTC 2023-10-06 04:42:43.160289,Raw mV:0.00,0.00
UTC 2023-10-06 04:42:43.160319,Raw mV:0.00,0.00
UTC 2023-10-06 04:42:43.160431,CountsCPS:0.00	 Sampling FPS:555.56	 PrintFPS:111.11,0.00,555.56,111.11
UTC 2023-10-06 04:42:43.160470,Raw mV:0.00,0.00
UTC 2023-10-06 04:42:43.160498,Raw mV:0.00,0.00
UTC 2023-10-06 04:42:43.160525,Raw mV:0.00,0.00
UTC 2023-10-06 04:42:43.160551,Raw mV:0.00,0.00
UTC 2023-10-06 04:42:43.160590,Raw mV:0.00,0.00
UTC 2023-10-06 04:42:43.160684,CountsCPS:0.00	 Sampling FPS:625.00	 PrintFPS:125.00,0.00,625.00,125.00
UTC 2023-10-06 04:42:43.160713,Raw mV:0.00,0.00
UTC 2023-10-06 04:42:43.160742,Raw mV:0.00,0.00
UTC 2023-10-06 04:42:43.160772,Raw mV:0.00,0.00
UTC 2023-10-06 04:42:43.160800,Raw mV:0.00,0.00
UTC 2023-10-06 04:42:43.160827,Raw mV:0.00,0.00
UTC 2023-10-06 04:42:43.160929,CountsCPS:0.00	 Sampling FPS:625.00	 PrintFPS:125.00,0.00,625.00,125.00
UTC 2023-10-06 04:42:43.160959,Raw mV:0.00,0.00
UTC 2023-10-06 04:42:43.160986,Raw mV:0.00,0.00
UTC 2023-10-06 04:42:43.161015,Raw mV:0.00,0.00
UTC 2023-10-06 04:42:43.161042,Raw mV:0.00,0.00
UTC 2023-10-06 04:42:43.161070,Raw mV:0.00,0.00
UTC 2023-10-06 04:42:43.161158,CountsCPS:0.00	 Sampling FPS:555.56	 PrintFPS:111.11,0.00,555.56,111.11
UTC 2023-10-06 04:42:43.161188,Raw mV:0.00,0.00
UTC 2023-10-06 04:42:43.161219,Raw mV:0.00,0.00
UTC 2023-10-06 04:42:43.161247,Raw mV:0.00,0.00
UTC 2023-10-06 04:42:43.161275,Raw mV:0.00,0.00
UTC 2023-10-06 04:42:43.161303,Raw mV:0.00,0.00
UTC 2023-10-06 04:42:43.161393,CountsCPS:0.00	 Sampling FPS:555.56	 PrintFPS:111.11,0.00,555.56,111.11
UTC 2023-10-06 04:42:43.161421,Raw mV:0.00,0.00
UTC 2023-10-06 04:42:43.161451,Raw mV:0.00,0.00
UTC 2023-10-06 04:42:43.161479,Raw mV:0.00,0.00
UTC 2023-10-06 04:42:43.161505,Raw mV:0.00,0.00
UTC 2023-10-06 04:42:43.161534,Raw mV:0.00,0.00
UTC 2023-10-06 04:42:43.161623,CountsCPS:0.00	 Sampling FPS:625.00	 PrintFPS:125.00,0.00,625.00,125.00
UTC 2023-10-06 04:42:43.161650,Raw mV:0.00,0.00
UTC 2023-10-06 04:42:43.161679,Raw mV:0.00,0.00
UTC 2023-10-06 04:42:43.161710,Raw mV:0.00,0.00
UTC 2023-10-06 04:42:43.161739,Raw mV:0.00,0.00
UTC 2023-10-06 04:42:43.161772,Raw mV:0.00,0.00
UTC 2023-10-06 04:42:43.161863,CountsCPS:0.00	 Sampling FPS:625.00	 PrintFPS:125.00,0.00,625.00,125.00
UTC 2023-10-06 04:42:43.161890,Raw mV:0.00,0.00
UTC 2023-10-06 04:42:43.161916,Raw mV:0.00,0.00
UTC 2023-10-06 04:42:43.161943,Raw mV:0.00,0.00
UTC 2023-10-06 04:42:43.161976,Raw mV:0.00,0.00
UTC 2023-10-06 04:42:43.162005,Raw mV:0.00,0.00
UTC 2023-10-06 04:42:43.162100,CountsCPS:0.00	 Sampling FPS:555.56	 PrintFPS:111.11,0.00,555.56,111.11
UTC 2023-10-06 04:42:43.162128,Raw mV:0.00,0.00
UTC 2023-10-06 04:42:43.162155,Raw mV:0.00,0.00
UTC 2023-10-06 04:42:43.162183,Raw mV:0.00,0.00
UTC 2023-10-06 04:42:43.162211,Raw mV:0.00,0.00
UTC 2023-10-06 04:42:43.162241,Raw mV:0.00,0.00
UTC 2023-10-06 04:42:43.162331,CountsCPS:0.00	 Sampling FPS:555.56	 PrintFPS:111.11,0.00,555.56,111.11
UTC 2023-10-06 04:42:43.162358,Raw mV:0.00,0.00
UTC 2023-10-06 04:42:43.162386,Raw mV:0.00,0.00
UTC 2023-10-06 04:42:43.162413,Raw mV:0.00,0.00
UTC 2023-10-06 04:42:43.162442,Raw mV:0.00,0.00
UTC 2023-10-06 04:42:43.162471,Raw mV:0.00,0.00
UTC 2023-10-06 04:42:43.162579,CountsCPS:0.00	 Sampling FPS:625.00	 PrintFPS:125.00,0.00,625.00,125.00
UTC 2023-10-06 04:42:43.162606,Raw mV:0.00,0.00
UTC 2023-10-06 04:42:43.162635,Raw mV:0.00,0.00
UTC 2023-10-06 04:42:43.162663,Raw mV:0.00,0.00
UTC 2023-10-06 04:42:43.162691,Raw mV:0.00,0.00
UTC 2023-10-06 04:42:43.162720,Raw mV:0.00,0.00
UTC 2023-10-06 04:42:43.162814,CountsCPS:0.00	 Sampling FPS:625.00	 PrintFPS:125.00,0.00,625.00,125.00
UTC 2023-10-06 04:42:43.162852,Raw mV:0.00,0.00
UTC 2023-10-06 04:42:43.162885,Raw mV:0.00,0.00
UTC 2023-10-06 04:42:43.162914,Raw mV:0.00,0.00
UTC 2023-10-06 04:42:43.162942,Raw mV:0.00,0.00
UTC 2023-10-06 04:42:43.162971,Raw mV:0.00,0.00
UTC 2023-10-06 04:42:43.163090,CountsCPS:0.00	 Sampling FPS:555.56	 PrintFPS:111.11,0.00,555.56,111.11
UTC 2023-10-06 04:42:43.163119,Raw mV:0.00,0.00
UTC 2023-10-06 04:42:43.163147,Raw mV:0.00,0.00
UTC 2023-10-06 04:42:43.163176,Raw mV:0.00,0.00
UTC 2023-10-06 04:42:43.163204,Raw mV:0.00,0.00
UTC 2023-10-06 04:42:43.163233,Raw mV:0.00,0.00
UTC 2023-10-06 04:42:43.163326,CountsCPS:0.00	 Sampling FPS:555.56	 PrintFPS:111.11,0.00,555.56,111.11
UTC 2023-10-06 04:42:43.163357,Raw mV:0.00,0.00
UTC 2023-10-06 04:42:43.163383,Raw mV:0.00,0.00
UTC 2023-10-06 04:42:43.163411,Raw mV:0.00,0.00
UTC 2023-10-06 04:42:43.163439,Raw mV:0.00,0.00
UTC 2023-10-06 04:42:43.163467,Raw mV:0.00,0.00
UTC 2023-10-06 04:42:43.163556,CountsCPS:0.00	 Sampling FPS:625.00	 PrintFPS:125.00,0.00,625.00,125.00
UTC 2023-10-06 04:42:43.163583,Raw mV:0.00,0.00
UTC 2023-10-06 04:42:43.163618,Raw mV:0.00,0.00
UTC 2023-10-06 04:42:43.163646,Raw mV:0.00,0.00
UTC 2023-10-06 04:42:43.163675,Raw mV:0.00,0.00
UTC 2023-10-06 04:42:43.163702,Raw mV:0.00,0.00
UTC 2023-10-06 04:42:43.163790,CountsCPS:0.00	 Sampling FPS:625.00	 PrintFPS:125.00,0.00,625.00,125.00
UTC 2023-10-06 04:42:43.163817,Raw mV:0.00,0.00
UTC 2023-10-06 04:42:43.163845,Raw mV:0.00,0.00
UTC 2023-10-06 04:42:43.163876,Raw mV:0.00,0.00
UTC 2023-10-06 04:42:43.163905,Raw mV:0.00,0.00
UTC 2023-10-06 04:42:43.163932,Raw mV:0.00,0.00
UTC 2023-10-06 04:42:43.164025,CountsCPS:0.00	 Sampling FPS:555.56	 PrintFPS:111.11,0.00,555.56,111.11
UTC 2023-10-06 04:42:43.164052,Raw mV:0.00,0.00
UTC 2023-10-06 04:42:43.164079,Raw mV:0.00,0.00
UTC 2023-10-06 04:42:43.164107,Raw mV:0.00,0.00
UTC 2023-10-06 04:42:43.164139,Raw mV:0.00,0.00
UTC 2023-10-06 04:42:43.164167,Raw mV:0.00,0.00
UTC 2023-10-06 04:42:43.164255,CountsCPS:0.00	 Sampling FPS:625.00	 PrintFPS:125.00,0.00,625.00,125.00
UTC 2023-10-06 04:42:43.164282,Raw mV:0.00,0.00
UTC 2023-10-06 04:42:43.164310,Raw mV:0.00,0.00
UTC 2023-10-06 04:42:43.164337,Raw mV:0.00,0.00
UTC 2023-10-06 04:42:43.164366,Raw mV:0.00,0.00
UTC 2023-10-06 04:42:43.164398,Raw mV:0.00,0.00
UTC 2023-10-06 04:42:43.164486,CountsCPS:0.00	 Sampling FPS:625.00	 PrintFPS:125.00,0.00,625.00,125.00
UTC 2023-10-06 04:42:43.164512,Raw mV:0.00,0.00
UTC 2023-10-06 04:42:43.164540,Raw mV:0.00,0.00
UTC 2023-10-06 04:42:43.164567,Raw mV:0.00,0.00
UTC 2023-10-06 04:42:43.164595,Raw mV:0.00,0.00
UTC 2023-10-06 04:42:43.164624,Raw mV:0.00,0.00
UTC 2023-10-06 04:42:43.164805,CountsCPS:0.00	 Sampling FPS:555.56	 PrintFPS:111.11,0.00,555.56,111.11
UTC 2023-10-06 04:42:43.164844,Raw mV:0.00,0.00
UTC 2023-10-06 04:42:43.164875,Raw mV:0.00,0.00
UTC 2023-10-06 04:42:43.164932,Raw mV:0.00,0.00
UTC 2023-10-06 04:42:43.164963,Raw mV:0.00,0.00
UTC 2023-10-06 04:42:43.164991,Raw mV:0.00,0.00
UTC 2023-10-06 04:42:43.165085,CountsCPS:0.00	 Sampling FPS:555.56	 PrintFPS:111.11,0.00,555.56,111.11
UTC 2023-10-06 04:42:43.165113,Raw mV:0.00,0.00
UTC 2023-10-06 04:42:43.165141,Raw mV:0.00,0.00
UTC 2023-10-06 04:42:43.165169,Raw mV:0.00,0.00
UTC 2023-10-06 04:42:43.165197,Raw mV:0.00,0.00
UTC 2023-10-06 04:42:43.165224,Raw mV:0.00,0.00
UTC 2023-10-06 04:42:43.165321,CountsCPS:0.00	 Sampling FPS:625.00	 PrintFPS:125.00,0.00,625.00,125.00
UTC 2023-10-06 04:42:43.165349,Raw mV:0.00,0.00
UTC 2023-10-06 04:42:43.165376,Raw mV:0.00,0.00
UTC 2023-10-06 04:42:43.165406,Raw mV:0.00,0.00
UTC 2023-10-06 04:42:43.165440,Raw mV:0.00,0.00
UTC 2023-10-06 04:42:43.165466,Raw mV:0.00,0.00
UTC 2023-10-06 04:42:43.165559,CountsCPS:0.00	 Sampling FPS:625.00	 PrintFPS:125.00,0.00,625.00,125.00
UTC 2023-10-06 04:42:43.165586,Raw mV:0.00,0.00
UTC 2023-10-06 04:42:43.165614,Raw mV:0.00,0.00
UTC 2023-10-06 04:42:43.165641,Raw mV:0.00,0.00
UTC 2023-10-06 04:42:43.165669,Raw mV:0.00,0.00
UTC 2023-10-06 04:42:43.165697,Raw mV:0.00,0.00
UTC 2023-10-06 04:42:43.165787,CountsCPS:0.00	 Sampling FPS:555.56	 PrintFPS:111.11,0.00,555.56,111.11
UTC 2023-10-06 04:42:43.165815,Raw mV:0.00,0.00
UTC 2023-10-06 04:42:43.165842,Raw mV:0.00,0.00
UTC 2023-10-06 04:42:43.165871,Raw mV:0.00,0.00
UTC 2023-10-06 04:42:43.165897,Raw mV:0.00,0.00
UTC 2023-10-06 04:42:43.165925,Raw mV:0.00,0.00
UTC 2023-10-06 04:42:43.166013,CountsCPS:0.00	 Sampling FPS:555.56	 PrintFPS:111.11,0.00,555.56,111.11
UTC 2023-10-06 04:42:43.166039,Raw mV:0.00,0.00
UTC 2023-10-06 04:42:43.166070,Raw mV:0.00,0.00
UTC 2023-10-06 04:42:43.166100,Raw mV:0.00,0.00
UTC 2023-10-06 04:42:43.166128,Raw mV:0.00,0.00
UTC 2023-10-06 04:42:43.166156,Raw mV:0.00,0.00
UTC 2023-10-06 04:42:43.166246,CountsCPS:0.00	 Sampling FPS:625.00	 PrintFPS:125.00,0.00,625.00,125.00
UTC 2023-10-06 04:42:43.166282,Raw mV:0.00,0.00
UTC 2023-10-06 04:42:43.166311,Raw mV:0.00,0.00
UTC 2023-10-06 04:42:43.166340,Raw mV:0.00,0.00
UTC 2023-10-06 04:42:43.166369,Raw mV:0.00,0.00
UTC 2023-10-06 04:42:43.166397,Raw mV:0.00,0.00
UTC 2023-10-06 04:42:43.166487,CountsCPS:0.00	 Sampling FPS:625.00	 PrintFPS:125.00,0.00,625.00,125.00
UTC 2023-10-06 04:42:43.166514,Raw mV:0.00,0.00
UTC 2023-10-06 04:42:43.166542,Raw mV:0.00,0.00
UTC 2023-10-06 04:42:43.166569,Raw mV:0.00,0.00
UTC 2023-10-06 04:42:43.166603,Raw mV:0.00,0.00
UTC 2023-10-06 04:42:43.166630,Raw mV:0.00,0.00
UTC 2023-10-06 04:42:43.166717,CountsCPS:0.00	 Sampling FPS:555.56	 PrintFPS:111.11,0.00,555.56,111.11
UTC 2023-10-06 04:42:43.166754,Raw mV:0.00,0.00
UTC 2023-10-06 04:42:43.166782,Raw mV:0.00,0.00
UTC 2023-10-06 04:42:43.166809,Raw mV:0.00,0.00
UTC 2023-10-06 04:42:43.166837,Raw mV:0.00,0.00
UTC 2023-10-06 04:42:43.166867,Raw mV:0.00,0.00
UTC 2023-10-06 04:42:43.166956,CountsCPS:0.00	 Sampling FPS:555.56	 PrintFPS:111.11,0.00,555.56,111.11
UTC 2023-10-06 04:42:43.166983,Raw mV:0.00,0.00
UTC 2023-10-06 04:42:43.167011,Raw mV:0.00,0.00
UTC 2023-10-06 04:42:43.167038,Raw mV:0.00,0.00
UTC 2023-10-06 04:42:43.167067,Raw mV:0.00,0.00
UTC 2023-10-06 04:42:43.167095,Raw mV:0.00,0.00
UTC 2023-10-06 04:42:43.167192,CountsCPS:0.00	 Sampling FPS:625.00	 PrintFPS:125.00,0.00,625.00,125.00
UTC 2023-10-06 04:42:43.167219,Raw mV:0.00,0.00
UTC 2023-10-06 04:42:43.167247,Raw mV:0.00,0.00
UTC 2023-10-06 04:42:43.167275,Raw mV:0.00,0.00
UTC 2023-10-06 04:42:43.167303,Raw mV:0.00,0.00
UTC 2023-10-06 04:42:43.167331,Raw mV:0.00,0.00
UTC 2023-10-06 04:42:43.167427,CountsCPS:0.00	 Sampling FPS:625.00	 PrintFPS:125.00,0.00,625.00,125.00
UTC 2023-10-06 04:42:43.167453,Raw mV:0.00,0.00
UTC 2023-10-06 04:42:43.167480,Raw mV:0.00,0.00
UTC 2023-10-06 04:42:43.167508,Raw mV:0.00,0.00
UTC 2023-10-06 04:42:43.167535,Raw mV:0.00,0.00
UTC 2023-10-06 04:42:43.167563,Raw mV:0.00,0.00
UTC 2023-10-06 04:42:43.167658,CountsCPS:0.00	 Sampling FPS:555.56	 PrintFPS:111.11,0.00,555.56,111.11
UTC 2023-10-06 04:42:43.167684,Raw mV:0.00,0.00
UTC 2023-10-06 04:42:43.167712,Raw mV:0.00,0.00
UTC 2023-10-06 04:42:43.167740,Raw mV:0.00,0.00
UTC 2023-10-06 04:42:43.167768,Raw mV:0.00,0.00
UTC 2023-10-06 04:42:43.167796,Raw mV:0.00,0.00
UTC 2023-10-06 04:42:43.167884,CountsCPS:0.00	 Sampling FPS:555.56	 PrintFPS:111.11,0.00,555.56,111.11
UTC 2023-10-06 04:42:43.167914,Raw mV:0.00,0.00
UTC 2023-10-06 04:42:43.167942,Raw mV:0.00,0.00
UTC 2023-10-06 04:42:43.167978,Raw mV:0.00,0.00
UTC 2023-10-06 04:42:43.168004,Raw mV:0.00,0.00
UTC 2023-10-06 04:42:43.168032,Raw mV:0.00,0.00
UTC 2023-10-06 04:42:43.168119,CountsCPS:0.00	 Sampling FPS:625.00	 PrintFPS:125.00,0.00,625.00,125.00
UTC 2023-10-06 04:42:43.168146,Raw mV:0.00,0.00
UTC 2023-10-06 04:42:43.168186,Raw mV:0.00,0.00
UTC 2023-10-06 04:42:43.168213,Raw mV:0.00,0.00
UTC 2023-10-06 04:42:43.168241,Raw mV:0.00,0.00
UTC 2023-10-06 04:42:43.168268,Raw mV:0.00,0.00
UTC 2023-10-06 04:42:43.168355,CountsCPS:0.00	 Sampling FPS:625.00	 PrintFPS:125.00,0.00,625.00,125.00
UTC 2023-10-06 04:42:43.168381,Raw mV:0.00,0.00
UTC 2023-10-06 04:42:43.168409,Raw mV:0.00,0.00
UTC 2023-10-06 04:42:43.168444,Raw mV:0.00,0.00
UTC 2023-10-06 04:42:43.168473,Raw mV:0.00,0.00
UTC 2023-10-06 04:42:43.168500,Raw mV:0.00,0.00
UTC 2023-10-06 04:42:43.168588,CountsCPS:0.00	 Sampling FPS:555.56	 PrintFPS:111.11,0.00,555.56,111.11
UTC 2023-10-06 04:42:43.168615,Raw mV:0.00,0.00
UTC 2023-10-06 04:42:43.168642,Raw mV:0.00,0.00
UTC 2023-10-06 04:42:43.168670,Raw mV:0.00,0.00
UTC 2023-10-06 04:42:43.168704,Raw mV:0.00,0.00
UTC 2023-10-06 04:42:43.168732,Raw mV:0.00,0.00
UTC 2023-10-06 04:42:43.168819,CountsCPS:0.00	 Sampling FPS:555.56	 PrintFPS:111.11,0.00,555.56,111.11
UTC 2023-10-06 04:42:43.168845,Raw mV:0.00,0.00
UTC 2023-10-06 04:42:43.168873,Raw mV:0.00,0.00
UTC 2023-10-06 04:42:43.168904,Raw mV:0.00,0.00
UTC 2023-10-06 04:42:43.168933,Raw mV:0.00,0.00
UTC 2023-10-06 04:42:43.168964,Raw mV:0.00,0.00
UTC 2023-10-06 04:42:43.169051,CountsCPS:0.00	 Sampling FPS:625.00	 PrintFPS:125.00,0.00,625.00,125.00
UTC 2023-10-06 04:42:43.169078,Raw mV:0.00,0.00
UTC 2023-10-06 04:42:43.169105,Raw mV:0.00,0.00
UTC 2023-10-06 04:42:43.169132,Raw mV:0.00,0.00
UTC 2023-10-06 04:42:43.169160,Raw mV:0.00,0.00
UTC 2023-10-06 04:42:43.169187,Raw mV:0.00,0.00
UTC 2023-10-06 04:42:43.169283,CountsCPS:0.00	 Sampling FPS:625.00	 PrintFPS:125.00,0.00,625.00,125.00
UTC 2023-10-06 04:42:43.169309,Raw mV:0.00,0.00
UTC 2023-10-06 04:42:43.169337,Raw mV:0.00,0.00
UTC 2023-10-06 04:42:43.169364,Raw mV:0.00,0.00
UTC 2023-10-06 04:42:43.169392,Raw mV:0.00,0.00
UTC 2023-10-06 04:42:43.169421,Raw mV:0.00,0.00
UTC 2023-10-06 04:42:43.169517,CountsCPS:0.00	 Sampling FPS:555.56	 PrintFPS:111.11,0.00,555.56,111.11
UTC 2023-10-06 04:42:43.169543,Raw mV:0.00,0.00
UTC 2023-10-06 04:42:43.169571,Raw mV:0.00,0.00
UTC 2023-10-06 04:42:43.169598,Raw mV:0.00,0.00
UTC 2023-10-06 04:42:43.169626,Raw mV:0.00,0.00
UTC 2023-10-06 04:42:43.169654,Raw mV:0.00,0.00
UTC 2023-10-06 04:42:43.169755,CountsCPS:0.00	 Sampling FPS:625.00	 PrintFPS:125.00,0.00,625.00,125.00
UTC 2023-10-06 04:42:43.169781,Raw mV:0.00,0.00
UTC 2023-10-06 04:42:43.169808,Raw mV:0.00,0.00
UTC 2023-10-06 04:42:43.169834,Raw mV:0.00,0.00
UTC 2023-10-06 04:42:43.169860,Raw mV:0.00,0.00
UTC 2023-10-06 04:42:43.169886,Raw mV:0.00,0.00
UTC 2023-10-06 04:42:43.169974,CountsCPS:0.00	 Sampling FPS:625.00	 PrintFPS:125.00,0.00,625.00,125.00
UTC 2023-10-06 04:42:43.170007,Raw mV:0.00,0.00
UTC 2023-10-06 04:42:43.170034,Raw mV:0.00,0.00
UTC 2023-10-06 04:42:43.170061,Raw mV:0.00,0.00
UTC 2023-10-06 04:42:43.170089,Raw mV:0.00,0.00
UTC 2023-10-06 04:42:43.170115,Raw mV:0.00,0.00
UTC 2023-10-06 04:42:43.170203,CountsCPS:0.00	 Sampling FPS:555.56	 PrintFPS:111.11,0.00,555.56,111.11
UTC 2023-10-06 04:42:43.170231,Raw mV:0.00,0.00
UTC 2023-10-06 04:42:43.170268,Raw mV:0.00,0.00
UTC 2023-10-06 04:42:43.170299,Raw mV:0.00,0.00
UTC 2023-10-06 04:42:43.170327,Raw mV:0.00,0.00
UTC 2023-10-06 04:42:43.170355,Raw mV:0.00,0.00
UTC 2023-10-06 04:42:43.170442,CountsCPS:0.00	 Sampling FPS:555.56	 PrintFPS:111.11,0.00,555.56,111.11
UTC 2023-10-06 04:42:43.170469,Raw mV:0.00,0.00
UTC 2023-10-06 04:42:43.170497,Raw mV:0.00,0.00
UTC 2023-10-06 04:42:43.170531,Raw mV:0.00,0.00
UTC 2023-10-06 04:42:43.170561,Raw mV:0.00,0.00
UTC 2023-10-06 04:42:43.170588,Raw mV:0.00,0.00
UTC 2023-10-06 04:42:43.170678,CountsCPS:0.00	 Sampling FPS:625.00	 PrintFPS:125.00,0.00,625.00,125.00
UTC 2023-10-06 04:42:43.170704,Raw mV:0.00,0.00
UTC 2023-10-06 04:42:43.170732,Raw mV:0.00,0.00
UTC 2023-10-06 04:42:43.170759,Raw mV:0.00,0.00
UTC 2023-10-06 04:42:43.170788,Raw mV:0.00,0.00
UTC 2023-10-06 04:42:43.170820,Raw mV:0.00,0.00
UTC 2023-10-06 04:42:43.170907,CountsCPS:0.00	 Sampling FPS:625.00	 PrintFPS:125.00,0.00,625.00,125.00
UTC 2023-10-06 04:42:43.170945,Raw mV:0.00,0.00
UTC 2023-10-06 04:42:43.170973,Raw mV:0.00,0.00
UTC 2023-10-06 04:42:43.171001,Raw mV:0.00,0.00
UTC 2023-10-06 04:42:43.171029,Raw mV:0.00,0.00
UTC 2023-10-06 04:42:43.171057,Raw mV:0.00,0.00
UTC 2023-10-06 04:42:43.171152,CountsCPS:0.00	 Sampling FPS:555.56	 PrintFPS:111.11,0.00,555.56,111.11
UTC 2023-10-06 04:42:43.171179,Raw mV:0.00,0.00
UTC 2023-10-06 04:42:43.171208,Raw mV:0.00,0.00
UTC 2023-10-06 04:42:43.171237,Raw mV:0.00,0.00
UTC 2023-10-06 04:42:43.171265,Raw mV:0.00,0.00
UTC 2023-10-06 04:42:43.171293,Raw mV:0.00,0.00
UTC 2023-10-06 04:42:43.171398,CountsCPS:0.00	 Sampling FPS:555.56	 PrintFPS:111.11,0.00,555.56,111.11
UTC 2023-10-06 04:42:43.171442,Raw mV:0.00,0.00
UTC 2023-10-06 04:42:43.171481,Raw mV:0.00,0.00
UTC 2023-10-06 04:42:43.171511,Raw mV:0.00,0.00
UTC 2023-10-06 04:42:43.171541,Raw mV:0.00,0.00
UTC 2023-10-06 04:42:43.171571,Raw mV:0.00,0.00
UTC 2023-10-06 04:42:43.171666,CountsCPS:0.00	 Sampling FPS:625.00	 PrintFPS:125.00,0.00,625.00,125.00
UTC 2023-10-06 04:42:43.171695,Raw mV:0.00,0.00
UTC 2023-10-06 04:42:43.171725,Raw mV:0.00,0.00
UTC 2023-10-06 04:42:43.171753,Raw mV:0.00,0.00
UTC 2023-10-06 04:42:43.171781,Raw mV:0.00,0.00
UTC 2023-10-06 04:42:43.171809,Raw mV:0.00,0.00
UTC 2023-10-06 04:42:43.171900,CountsCPS:0.00	 Sampling FPS:625.00	 PrintFPS:125.00,0.00,625.00,125.00
UTC 2023-10-06 04:42:43.171929,Raw mV:0.00,0.00
UTC 2023-10-06 04:42:43.171956,Raw mV:0.00,0.00
UTC 2023-10-06 04:42:43.171986,Raw mV:0.00,0.00
UTC 2023-10-06 04:42:43.172014,Raw mV:0.00,0.00
UTC 2023-10-06 04:42:43.172040,Raw mV:0.00,0.00
UTC 2023-10-06 04:42:43.172150,CountsCPS:0.00	 Sampling FPS:555.56	 PrintFPS:111.10.0Raw mV:0.00,0.00,555.56,111.10.0Raw mV
UTC 2023-10-06 04:42:43.172179,Raw mV:0.00,0.00
UTC 2023-10-06 04:42:43.172206,Raw mV:0.00,0.00
UTC 2023-10-06 04:42:43.172233,Raw mV:0.00,0.00
UTC 2023-10-06 04:42:43.172260,Raw mV:0.00,0.00
UTC 2023-10-06 04:42:43.172349,CountsCPS:0.00	 Sampling FPS:555.56	 PrintFPS:111.11,0.00,555.56,111.11
UTC 2023-10-06 04:42:43.172379,Raw mV:0.00,0.00
UTC 2023-10-06 04:42:43.172406,Raw mV:0.00,0.00
UTC 2023-10-06 04:42:43.172433,Raw mV:0.00,0.00
UTC 2023-10-06 04:42:43.172460,Raw mV:0.00,0.00
UTC 2023-10-06 04:42:43.172487,Raw mV:0.00,0.00
UTC 2023-10-06 04:42:43.172576,CountsCPS:0.00	 Sampling FPS:625.00	 PrintFPS:125.00,0.00,625.00,125.00
UTC 2023-10-06 04:42:43.172605,Raw mV:0.00,0.00
UTC 2023-10-06 04:42:43.172630,Raw m0.00
UTC 2023-10-06 04:42:43.172658,Raw mV:0.00,0.00
UTC 2023-10-06 04:42:43.172745,CountsCPS:0.00	 Sampling FPS:555.56	 PrintFPS:111.11,0.00,555.56,111.11
UTC 2023-10-06 04:42:43.172773,Raw mV:0.00,0.00
UTC 2023-10-06 04:42:43.172802,Raw mV:0.00,0.00
UTC 2023-10-06 04:42:43.172830,Raw mV:0.00,0.00
UTC 2023-10-06 04:42:43.172857,Raw mV:0.00,0.00
UTC 2023-10-06 04:42:43.172885,Raw mV:0.00,0.00
UTC 2023-10-06 04:42:43.172975,CountsCPS:0.00	 Sampling FPS:555.56	 PrintFPS:111.11,0.00,555.56,111.11
UTC 2023-10-06 04:42:43.173005,Raw mV:0.00,0.00
UTC 2023-10-06 04:42:43.173032,Raw mV:0.00,0.00
UTC 2023-10-06 04:42:43.173059,Raw mV:0.00,0.00
UTC 2023-10-06 04:42:43.173086,Raw mV:0.00,0.00
UTC 2023-10-06 04:42:43.173115,Raw mV:0.00,0.00
UTC 2023-10-06 04:42:43.173203,CountsCPS:0.00	 Sampling FPS:625.00	 PrintFPS:125.00,0.00,625.00,125.00
UTC 2023-10-06 04:42:43.173274,Raw mV:0.00,0.00
UTC 2023-10-06 04:42:43.173327,Raw mV:0.00,0.00
UTC 2023-10-06 04:42:43.173357,Raw mV:0.00,0.00
UTC 2023-10-06 04:42:43.173385,Raw mV:0.00,0.00
UTC 2023-10-06 04:42:43.173612,Raw mV:0.00,0.00
UTC 2023-10-06 04:42:43.173763,CountsCPS:0.00	 Sampling FPS:625.00	 PrintFPS:125.00,0.00,625.00,125.00
UTC 2023-10-06 04:42:43.175174,Raw mV:0.00,0.00
UTC 2023-10-06 04:42:43.176831,Raw mV:0.00,0.00
UTC 2023-10-06 04:42:43.178581,Raw mV:0.00,0.00
UTC 2023-10-06 04:42:43.180213,Raw mV:0.00,0.00
UTC 2023-10-06 04:42:43.182195,Raw mV:0.00,0.00
UTC 2023-10-06 04:42:43.182523,CountsCPS:0.00	 Sampling FPS:555.56	 PrintFPS:111.11,0.00,555.56,111.11
UTC 2023-10-06 04:42:43.183850,Raw mV:0.00,0.00
UTC 2023-10-06 04:42:43.185589,Raw mV:0.00,0.00
UTC 2023-10-06 04:42:43.187321,Raw mV:0.00,0.00
UTC 2023-10-06 04:42:43.189017,Raw mV:0.00,0.00
UTC 2023-10-06 04:42:43.191001,Raw mV:0.00,0.00
UTC 2023-10-06 04:42:43.191282,CountsCPS:0.00	 Sampling FPS:625.00	 PrintFPS:125.00,0.00,625.00,125.00
UTC 2023-10-06 04:42:43.192747,Raw mV:0.00,0.00
UTC 2023-10-06 04:42:43.194383,Raw mV:0.00,0.00
UTC 2023-10-06 04:42:43.196002,Raw mV:0.00,0.00
UTC 2023-10-06 04:42:43.197743,Raw mV:0.00,0.00
UTC 2023-10-06 04:42:43.199728,Raw mV:0.00,0.00
UTC 2023-10-06 04:42:43.200016,CountsCPS:0.00	 Sampling FPS:625.00	 PrintFPS:125.00,0.00,625.00,125.00
UTC 2023-10-06 04:42:43.201378,Raw mV:0.00,0.00
UTC 2023-10-06 04:42:43.203107,Raw mV:0.00,0.00
UTC 2023-10-06 04:42:43.204780,Raw mV:0.00,0.00
UTC 2023-10-06 04:42:43.206533,Raw mV:0.00,0.00
UTC 2023-10-06 04:42:43.208568,Raw mV:0.00,0.00
UTC 2023-10-06 04:42:43.208718,CountsCPS:0.00	 Sampling FPS:555.56	 PrintFPS:111.11,0.00,555.56,111.11
UTC 2023-10-06 04:42:43.210074,Raw mV:0.00,0.00
UTC 2023-10-06 04:42:43.211818,Raw mV:0.00,0.00
UTC 2023-10-06 04:42:43.213534,Raw mV:0.00,0.00
UTC 2023-10-06 04:42:43.215223,Raw mV:0.00,0.00
UTC 2023-10-06 04:42:43.217198,Raw mV:0.00,0.00
UTC 2023-10-06 04:42:43.217456,CountsCPS:0.00	 Sampling FPS:555.56	 PrintFPS:111.11,0.00,555.56,111.11
UTC 2023-10-06 04:42:43.218826,Raw mV:0.00,0.00
UTC 2023-10-06 04:42:43.220573,Raw mV:0.00,0.00
UTC 2023-10-06 04:42:43.222290,Raw mV:0.00,0.00
UTC 2023-10-06 04:42:43.224028,Raw mV:0.00,0.00
UTC 2023-10-06 04:42:43.226095,Raw mV:0.00,0.00
UTC 2023-10-06 04:42:43.226219,CountsCPS:0.00	 Sampling FPS:625.00	 PrintFPS:125.00,0.00,625.00,125.00
UTC 2023-10-06 04:42:43.227598,Raw mV:0.00,0.00
UTC 2023-10-06 04:42:43.229311,Raw mV:0.00,0.00
UTC 2023-10-06 04:42:43.230984,Raw mV:0.00,0.00
UTC 2023-10-06 04:42:43.232721,Raw mV:0.00,0.00
UTC 2023-10-06 04:42:43.234692,Raw mV:0.00,0.00
UTC 2023-10-06 04:42:43.234987,CountsCPS:0.00	 Sampling FPS:625.00	 PrintFPS:125.00,0.00,625.00,125.00
UTC 2023-10-06 04:42:43.236355,Raw mV:0.00,0.00
UTC 2023-10-06 04:42:43.238019,Raw mV:0.00,0.00
UTC 2023-10-06 04:42:43.239763,Raw mV:0.00,0.00
UTC 2023-10-06 04:42:43.241453,Raw mV:0.00,0.00
UTC 2023-10-06 04:42:43.243688,Raw mV:0.00,0.00
UTC 2023-10-06 04:42:43.243820,CountsCPS:0.00	 Sampling FPS:555.56	 PrintFPS:111.11,0.00,555.56,111.11
UTC 2023-10-06 04:42:43.245073,Raw mV:0.00,0.00
UTC 2023-10-06 04:42:43.246749,Raw mV:0.00,0.00
UTC 2023-10-06 04:42:43.248450,Raw mV:0.00,0.00
UTC 2023-10-06 04:42:43.250139,Raw mV:0.00,0.00
UTC 2023-10-06 04:42:43.252109,Raw mV:0.00,0.00
UTC 2023-10-06 04:42:43.252412,CountsCPS:0.00	 Sampling FPS:555.56	 PrintFPS:111.11,0.00,555.56,111.11
UTC 2023-10-06 04:42:43.253833,Raw mV:0.00,0.00
UTC 2023-10-06 04:42:43.255531,Raw mV:0.00,0.00
UTC 2023-10-06 04:42:43.257369,Raw mV:0.00,0.00
UTC 2023-10-06 04:42:43.258959,Raw mV:0.00,0.00
UTC 2023-10-06 04:42:43.261130,Raw mV:0.00,0.00
UTC 2023-10-06 04:42:43.261245,CountsCPS:0.00	 Sampling FPS:625.00	 PrintFPS:125.00,0.00,625.00,125.00
UTC 2023-10-06 04:42:43.262637,Raw mV:0.00,0.00
UTC 2023-10-06 04:42:43.264287,Raw mV:0.00,0.00
UTC 2023-10-06 04:42:43.265956,Raw mV:0.00,0.00
UTC 2023-10-06 04:42:43.267638,Raw mV:0.00,0.00
UTC 2023-10-06 04:42:43.269625,Raw mV:0.00,0.00
UTC 2023-10-06 04:42:43.269905,CountsCPS:0.00	 Sampling FPS:625.00	 PrintFPS:125.00,0.00,625.00,125.00
UTC 2023-10-06 04:42:43.271322,Raw mV:0.00,0.00
UTC 2023-10-06 04:42:43.273148,Raw mV:0.00,0.00
UTC 2023-10-06 04:42:43.274801,Raw mV:0.00,0.00
UTC 2023-10-06 04:42:43.276493,Raw mV:0.00,0.00
UTC 2023-10-06 04:42:43.278401,Raw mV:0.00,0.00
UTC 2023-10-06 04:42:43.278622,CountsCPS:0.00	 Sampling FPS:555.56	 PrintFPS:111.11,0.00,555.56,111.11
UTC 2023-10-06 04:42:43.280104,Raw mV:0.00,0.00
UTC 2023-10-06 04:42:43.281742,Raw mV:0.00,0.00
UTC 2023-10-06 04:42:43.283399,Raw mV:0.00,0.00
UTC 2023-10-06 04:42:43.285087,Raw mV:0.00,0.00
UTC 2023-10-06 04:42:43.287077,Raw mV:0.00,0.00
UTC 2023-10-06 04:42:43.287335,CountsCPS:0.00	 Sampling FPS:555.56	 PrintFPS:111.11,0.00,555.56,111.11
UTC 2023-10-06 04:42:43.288856,Raw mV:0.00,0.00
UTC 2023-10-06 04:42:43.290479,Raw mV:0.00,0.00
UTC 2023-10-06 04:42:43.292169,Raw mV:0.00,0.00
UTC 2023-10-06 04:42:43.293913,Raw mV:0.00,0.00
UTC 2023-10-06 04:42:43.295804,Raw mV:0.00,0.00
UTC 2023-10-06 04:42:43.296098,CountsCPS:0.00	 Sampling FPS:625.00	 PrintFPS:125.00,0.00,625.00,125.00
UTC 2023-10-06 04:42:43.297567,Raw mV:0.00,0.00
UTC 2023-10-06 04:42:43.299174,Raw mV:0.00,0.00
UTC 2023-10-06 04:42:43.300936,Raw mV:0.00,0.00
UTC 2023-10-06 04:42:43.302566,Raw mV:0.00,0.00
UTC 2023-10-06 04:42:43.304636,Raw mV:0.00,0.00
UTC 2023-10-06 04:42:43.304916,CountsCPS:0.00	 Sampling FPS:625.00	 PrintFPS:125.00,0.00,625.00,125.00
UTC 2023-10-06 04:42:43.306384,Raw mV:0.00,0.00
UTC 2023-10-06 04:42:43.308014,Raw mV:0.00,0.00
UTC 2023-10-06 04:42:43.309673,Raw mV:0.00,0.00
UTC 2023-10-06 04:42:43.311364,Raw mV:0.00,0.00
UTC 2023-10-06 04:42:43.313293,Raw mV:0.00,0.00
UTC 2023-10-06 04:42:43.313626,CountsCPS:0.00	 Sampling FPS:555.56	 PrintFPS:111.11,0.00,555.56,111.11
UTC 2023-10-06 04:42:43.314951,Raw mV:0.00,0.00
UTC 2023-10-06 04:42:43.316718,Raw mV:0.00,0.00
UTC 2023-10-06 04:42:43.318431,Raw mV:0.00,0.00
UTC 2023-10-06 04:42:43.320101,Raw mV:0.00,0.00
UTC 2023-10-06 04:42:43.322072,Raw mV:0.00,0.00
UTC 2023-10-06 04:42:43.322325,CountsCPS:0.00	 Sampling FPS:555.56	 PrintFPS:111.11,0.00,555.56,111.11
UTC 2023-10-06 04:42:43.323880,Raw mV:0.00,0.00
UTC 2023-10-06 04:42:43.325525,Raw mV:0.00,0.00
UTC 2023-10-06 04:42:43.327126,Raw mV:0.00,0.00
UTC 2023-10-06 04:42:43.328802,Raw mV:0.00,0.00
UTC 2023-10-06 04:42:43.330770,Raw mV:0.00,0.00
UTC 2023-10-06 04:42:43.331040,CountsCPS:0.00	 Sampling FPS:625.00	 PrintFPS:125.00,0.00,625.00,125.00
UTC 2023-10-06 04:42:43.332426,Raw mV:0.00,0.00
UTC 2023-10-06 04:42:43.334130,Raw mV:0.00,0.00
UTC 2023-10-06 04:42:43.335862,Raw mV:0.00,0.00
UTC 2023-10-06 04:42:43.337631,Raw mV:0.00,0.00
UTC 2023-10-06 04:42:43.339570,Raw mV:0.00,0.00
UTC 2023-10-06 04:42:43.339865,CountsCPS:0.00	 Sampling FPS:625.00	 PrintFPS:125.00,0.00,625.00,125.00
UTC 2023-10-06 04:42:43.341254,Raw mV:0.00,0.00
UTC 2023-10-06 04:42:43.342965,Raw mV:0.00,0.00
UTC 2023-10-06 04:42:43.344707,Raw mV:0.00,0.00
UTC 2023-10-06 04:42:43.346265,Raw mV:0.00,0.00
UTC 2023-10-06 04:42:43.348303,Raw mV:0.00,0.00
UTC 2023-10-06 04:42:43.348603,CountsCPS:0.00	 Sampling FPS:555.56	 PrintFPS:111.11,0.00,555.56,111.11
UTC 2023-10-06 04:42:43.349948,Raw mV:0.00,0.00
UTC 2023-10-06 04:42:43.351653,Raw mV:0.00,0.00
UTC 2023-10-06 04:42:43.353367,Raw mV:0.00,0.00
UTC 2023-10-06 04:42:43.355089,Raw mV:0.00,0.00
UTC 2023-10-06 04:42:43.357049,Raw mV:0.00,0.00
UTC 2023-10-06 04:42:43.357308,CountsCPS:0.00	 Sampling FPS:555.56	 PrintFPS:111.11,0.00,555.56,111.11
UTC 2023-10-06 04:42:43.358723,Raw mV:0.00,0.00
UTC 2023-10-06 04:42:43.360481,Raw mV:0.00,0.00
UTC 2023-10-06 04:42:43.362061,Raw mV:0.00,0.00
UTC 2023-10-06 04:42:43.363798,Raw mV:0.00,0.00
UTC 2023-10-06 04:42:43.365792,Raw mV:0.00,0.00
UTC 2023-10-06 04:42:43.366085,CountsCPS:0.00	 Sampling FPS:625.00	 PrintFPS:125.00,0.00,625.00,125.00
UTC 2023-10-06 04:42:43.367415,Raw mV:0.00,0.00
UTC 2023-10-06 04:42:43.369118,Raw mV:0.00,0.00
UTC 2023-10-06 04:42:43.370843,Raw mV:0.00,0.00
UTC 2023-10-06 04:42:43.372531,Raw mV:0.00,0.00
UTC 2023-10-06 04:42:43.374536,Raw mV:0.00,0.00
UTC 2023-10-06 04:42:43.374907,CountsCPS:0.00	 Sampling FPS:625.00	 PrintFPS:125.00,0.00,625.00,125.00
UTC 2023-10-06 04:42:43.376411,Raw mV:0.00,0.00
UTC 2023-10-06 04:42:43.378040,Raw mV:0.00,0.00
UTC 2023-10-06 04:42:43.379581,Raw mV:0.00,0.00
UTC 2023-10-06 04:42:43.381230,Raw mV:0.00,0.00
UTC 2023-10-06 04:42:43.383189,Raw mV:0.00,0.00
UTC 2023-10-06 04:42:43.383550,CountsCPS:0.00	 Sampling FPS:555.56	 PrintFPS:111.11,0.00,555.56,111.11
UTC 2023-10-06 04:42:43.384866,Raw mV:0.00,0.00
UTC 2023-10-06 04:42:43.386682,Raw mV:0.00,0.00
UTC 2023-10-06 04:42:43.388307,Raw mV:0.00,0.00
UTC 2023-10-06 04:42:43.390008,Raw mV:0.00,0.00
UTC 2023-10-06 04:42:43.393114,Raw mV:0.00,0.00
UTC 2023-10-06 04:42:43.393247,CountsCPS:0.00	 Sampling FPS:625.00	 PrintFPS:125.00,0.00,625.00,125.00
UTC 2023-10-06 04:42:43.393769,Raw mV:0.00,0.00
UTC 2023-10-06 04:42:43.395404,Raw mV:0.00,0.00
UTC 2023-10-06 04:42:43.397050,Raw mV:0.00,0.00
UTC 2023-10-06 04:42:43.398680,Raw mV:0.00,0.00
UTC 2023-10-06 04:42:43.400738,Raw mV:0.00,0.00
UTC 2023-10-06 04:42:43.401128,CountsCPS:0.00	 Sampling FPS:625.00	 PrintFPS:125.00,0.00,625.00,125.00
UTC 2023-10-06 04:42:43.402381,Raw mV:0.00,0.00
UTC 2023-10-06 04:42:43.404236,Raw mV:0.00,0.00
UTC 2023-10-06 04:42:43.406197,Raw mV:0.00,0.00
UTC 2023-10-06 04:42:43.407537,Raw mV:0.00,0.00
UTC 2023-10-06 04:42:43.409483,Raw mV:0.00,0.00
UTC 2023-10-06 04:42:43.409737,CountsCPS:0.00	 Sampling FPS:555.56	 PrintFPS:111.11,0.00,555.56,111.11
UTC 2023-10-06 04:42:43.411210,Raw mV:0.00,0.00
UTC 2023-10-06 04:42:43.412805,Raw mV:0.00,0.00
UTC 2023-10-06 04:42:43.414488,Raw mV:0.00,0.00
UTC 2023-10-06 04:42:43.416192,Raw mV:0.00,0.00
UTC 2023-10-06 04:42:43.418284,Raw mV:0.00,0.00
UTC 2023-10-06 04:42:43.418652,CountsCPS:0.00	 Sampling FPS:555.56	 PrintFPS:111.11,0.00,555.56,111.11
UTC 2023-10-06 04:42:43.419858,Raw mV:0.00,0.00
UTC 2023-10-06 04:42:43.421651,Raw mV:0.00,0.00
UTC 2023-10-06 04:42:43.423327,Raw mV:0.00,0.00
UTC 2023-10-06 04:42:43.425309,Raw mV:0.00,0.00
UTC 2023-10-06 04:42:43.427098,Raw mV:0.00,0.00
UTC 2023-10-06 04:42:43.427424,CountsCPS:0.00	 Sampling FPS:625.00	 PrintFPS:125.00,0.00,625.00,125.00
UTC 2023-10-06 04:42:43.428587,Raw mV:0.00,0.00
UTC 2023-10-06 04:42:43.430303,Raw mV:0.00,0.00
UTC 2023-10-06 04:42:43.431991,Raw mV:0.00,0.00
UTC 2023-10-06 04:42:43.433713,Raw mV:0.00,0.00
UTC 2023-10-06 04:42:43.435733,Raw mV:0.00,0.00
UTC 2023-10-06 04:42:43.436033,CountsCPS:0.00	 Sampling FPS:625.00	 PrintFPS:125.00,0.00,625.00,125.00
UTC 2023-10-06 04:42:43.437328,Raw mV:0.00,0.00
UTC 2023-10-06 04:42:43.439040,Raw mV:0.00,0.00
UTC 2023-10-06 04:42:43.441201,Raw mV:0.00,0.00
UTC 2023-10-06 04:42:43.442552,Raw mV:0.00,0.00
UTC 2023-10-06 04:42:43.444513,Raw mV:0.00,0.00
UTC 2023-10-06 04:42:43.444687,CountsCPS:0.00	 Sampling FPS:555.56	 PrintFPS:111.11,0.00,555.56,111.11
UTC 2023-10-06 04:42:43.446029,Raw mV:0.00,0.00
UTC 2023-10-06 04:42:43.447762,Raw mV:0.00,0.00
UTC 2023-10-06 04:42:43.449541,Raw mV:0.00,0.00
UTC 2023-10-06 04:42:43.451208,Raw mV:0.00,0.00
UTC 2023-10-06 04:42:43.453200,Raw mV:0.00,0.00
UTC 2023-10-06 04:42:43.453503,CountsCPS:0.00	 Sampling FPS:555.56	 PrintFPS:111.11,0.00,555.56,111.11
UTC 2023-10-06 04:42:43.454864,Raw mV:0.00,0.00
UTC 2023-10-06 04:42:43.456583,Raw mV:0.00,0.00
UTC 2023-10-06 04:42:43.458471,Raw mV:0.00,0.00
UTC 2023-10-06 04:42:43.460106,Raw mV:0.00,0.00
UTC 2023-10-06 04:42:43.461963,Raw mV:0.00,0.00
UTC 2023-10-06 04:42:43.462167,CountsCPS:0.00	 Sampling FPS:625.00	 PrintFPS:125.00,0.00,625.00,125.00
UTC 2023-10-06 04:42:43.463589,Raw mV:0.00,0.00
UTC 2023-10-06 04:42:43.465261,Raw mV:0.00,0.00
UTC 2023-10-06 04:42:43.466923,Raw mV:0.00,0.00
UTC 2023-10-06 04:42:43.468722,Raw mV:0.00,0.00
UTC 2023-10-06 04:42:43.470644,Raw mV:0.00,0.00
UTC 2023-10-06 04:42:43.470933,CountsCPS:0.00	 Sampling FPS:625.00	 PrintFPS:125.00,0.00,625.00,125.00
UTC 2023-10-06 04:42:43.472289,Raw mV:0.00,0.00
UTC 2023-10-06 04:42:43.474172,Raw mV:0.00,0.00
UTC 2023-10-06 04:42:43.475836,Raw mV:0.00,0.00
UTC 2023-10-06 04:42:43.477523,Raw mV:0.00,0.00
UTC 2023-10-06 04:42:43.479339,Raw mV:0.00,0.00
UTC 2023-10-06 04:42:43.479604,CountsCPS:0.00	 Sampling FPS:555.56	 PrintFPS:111.11,0.00,555.56,111.11
UTC 2023-10-06 04:42:43.480984,Raw mV:0.00,0.00
UTC 2023-10-06 04:42:43.482702,Raw mV:0.00,0.00
UTC 2023-10-06 04:42:43.484499,Raw mV:0.00,0.00
UTC 2023-10-06 04:42:43.486194,Raw mV:0.00,0.00
UTC 2023-10-06 04:42:43.488278,Raw mV:0.00,0.00
UTC 2023-10-06 04:42:43.488632,CountsCPS:0.00	 Sampling FPS:555.56	 PrintFPS:111.11,0.00,555.56,111.11
UTC 2023-10-06 04:42:43.489845,Raw mV:0.00,0.00
UTC 2023-10-06 04:42:43.491601,Raw mV:0.00,0.00
UTC 2023-10-06 04:42:43.493477,Raw mV:0.00,0.00
UTC 2023-10-06 04:42:43.494915,Raw mV:0.00,0.00
UTC 2023-10-06 04:42:43.496820,Raw mV:0.00,0.00
UTC 2023-10-06 04:42:43.497100,CountsCPS:0.00	 Sampling FPS:625.00	 PrintFPS:125.00,0.00,625.00,125.00
UTC 2023-10-06 04:42:43.498531,Raw mV:0.00,0.00
UTC 2023-10-06 04:42:43.500259,Raw mV:0.00,0.00
UTC 2023-10-06 04:42:43.501901,Raw mV:0.00,0.00
UTC 2023-10-06 04:42:43.503646,Raw mV:0.00,0.00
UTC 2023-10-06 04:42:43.505667,Raw mV:0.00,0.00
UTC 2023-10-06 04:42:43.505944,CountsCPS:0.00	 Sampling FPS:625.00	 PrintFPS:125.00,0.00,625.00,125.00
UTC 2023-10-06 04:42:43.507389,Raw mV:0.00,0.00
UTC 2023-10-06 04:42:43.509256,Raw mV:0.00,0.00
UTC 2023-10-06 04:42:43.510704,Raw mV:0.00,0.00
UTC 2023-10-06 04:42:43.512321,Raw mV:0.00,0.00
UTC 2023-10-06 04:42:43.514281,Raw mV:0.00,0.00
UTC 2023-10-06 04:42:43.514568,CountsCPS:0.00	 Sampling FPS:555.56	 PrintFPS:111.11,0.00,555.56,111.11
UTC 2023-10-06 04:42:43.516057,Raw mV:0.00,0.00
UTC 2023-10-06 04:42:43.517702,Raw mV:0.00,0.00
UTC 2023-10-06 04:42:43.519392,Raw mV:0.00,0.00
UTC 2023-10-06 04:42:43.521197,Raw mV:0.00,0.00
UTC 2023-10-06 04:42:43.523149,Raw mV:0.00,0.00
UTC 2023-10-06 04:42:43.523572,CountsCPS:0.00	 Sampling FPS:555.56	 PrintFPS:111.11,0.00,555.56,111.11
UTC 2023-10-06 04:42:43.524844,Raw mV:0.00,0.00
UTC 2023-10-06 04:42:43.526672,Raw mV:0.00,0.00
UTC 2023-10-06 04:42:43.528252,Raw mV:0.00,0.00
UTC 2023-10-06 04:42:43.529806,Raw mV:0.00,0.00
UTC 2023-10-06 04:42:43.531797,Raw mV:0.00,0.00
UTC 2023-10-06 04:42:43.532035,CountsCPS:0.00	 Sampling FPS:625.00	 PrintFPS:125.00,0.00,625.00,125.00
UTC 2023-10-06 04:42:43.533634,Raw mV:0.00,0.00
UTC 2023-10-06 04:42:43.535182,Raw mV:0.00,0.00
UTC 2023-10-06 04:42:43.536896,Raw mV:0.00,0.00
UTC 2023-10-06 04:42:43.538665,Raw mV:0.00,0.00
UTC 2023-10-06 04:42:43.541081,Raw mV:0.00,0.00
UTC 2023-10-06 04:42:43.541470,CountsCPS:0.00	 Sampling FPS:625.00	 PrintFPS:125.00,0.00,625.00,125.00
UTC 2023-10-06 04:42:43.542579,Raw mV:0.00,0.00
UTC 2023-10-06 04:42:43.544078,Raw mV:0.00,0.00
UTC 2023-10-06 04:42:43.545700,Raw mV:0.00,0.00
UTC 2023-10-06 04:42:43.547376,Raw mV:0.00,0.00
UTC 2023-10-06 04:42:43.549338,Raw mV:0.00,0.00
UTC 2023-10-06 04:42:43.549545,CountsCPS:0.00	 Sampling FPS:555.56	 PrintFPS:111.11,0.00,555.56,111.11
UTC 2023-10-06 04:42:43.551001,Raw mV:0.00,0.00
UTC 2023-10-06 04:42:43.552696,Raw mV:0.00,0.00
UTC 2023-10-06 04:42:43.554351,Raw mV:0.00,0.00
UTC 2023-10-06 04:42:43.556079,Raw mV:0.00,0.00
UTC 2023-10-06 04:42:43.558194,Raw mV:0.00,0.00
UTC 2023-10-06 04:42:43.558529,CountsCPS:0.00	 Sampling FPS:555.56	 PrintFPS:111.11,0.00,555.56,111.11
UTC 2023-10-06 04:42:43.559763,Raw mV:0.00,0.00
UTC 2023-10-06 04:42:43.561450,Raw mV:0.00,0.00
UTC 2023-10-06 04:42:43.563115,Raw mV:0.00,0.00
UTC 2023-10-06 04:42:43.564874,Raw mV:0.00,0.00
UTC 2023-10-06 04:42:43.566764,Raw mV:0.00,0.00
UTC 2023-10-06 04:42:43.567043,CountsCPS:0.00	 Sampling FPS:625.00	 PrintFPS:125.00,0.00,625.00,125.00
UTC 2023-10-06 04:42:43.568421,Raw mV:0.00,0.00
UTC 2023-10-06 04:42:43.570167,Raw mV:0.00,0.00
UTC 2023-10-06 04:42:43.571816,Raw mV:0.00,0.00
UTC 2023-10-06 04:42:43.573703,Raw mV:0.00,0.00
UTC 2023-10-06 04:42:43.575893,Raw mV:0.00,0.00
UTC 2023-10-06 04:42:43.576355,CountsCPS:0.00	 Sampling FPS:625.00	 PrintFPS:125.00,0.00,625.00,125.00
UTC 2023-10-06 04:42:43.577257,Raw mV:0.00,0.00
UTC 2023-10-06 04:42:43.578914,Raw mV:0.00,0.00
UTC 2023-10-06 04:42:43.580688,Raw mV:0.00,0.00
UTC 2023-10-06 04:42:43.582258,Raw mV:0.00,0.00
UTC 2023-10-06 04:42:43.584229,Raw mV:0.00,0.00
UTC 2023-10-06 04:42:43.584553,CountsCPS:0.00	 Sampling FPS:555.56	 PrintFPS:111.11,0.00,555.56,111.11
UTC 2023-10-06 04:42:43.585943,Raw mV:0.00,0.00
UTC 2023-10-06 04:42:43.587602,Raw mV:0.00,0.00
UTC 2023-10-06 04:42:43.589304,Raw mV:0.00,0.00
UTC 2023-10-06 04:42:43.591200,Raw mV:0.00,0.00
UTC 2023-10-06 04:42:43.593127,Raw mV:0.00,0.00
UTC 2023-10-06 04:42:43.593270,CountsCPS:0.00	 Sampling FPS:625.00	 PrintFPS:125.00,0.00,625.00,125.00
UTC 2023-10-06 04:42:43.594658,Raw mV:0.00,0.00
UTC 2023-10-06 04:42:43.596340,Raw mV:0.00,0.00
UTC 2023-10-06 04:42:43.598069,Raw mV:0.00,0.00
UTC 2023-10-06 04:42:43.599743,Raw mV:0.00,0.00
UTC 2023-10-06 04:42:43.601650,Raw mV:0.00,0.00
UTC 2023-10-06 04:42:43.601914,CountsCPS:0.00	 Sampling FPS:625.00	 PrintFPS:125.00,0.00,625.00,125.00
UTC 2023-10-06 04:42:43.603326,Raw mV:0.00,0.00
UTC 2023-10-06 04:42:43.605047,Raw mV:0.00,0.00
UTC 2023-10-06 04:42:43.606824,Raw mV:0.00,0.00
UTC 2023-10-06 04:42:43.608844,Raw mV:0.00,0.00
UTC 2023-10-06 04:42:43.610553,Raw mV:0.00,0.00
UTC 2023-10-06 04:42:43.610709,CountsCPS:0.00	 Sampling FPS:555.56	 PrintFPS:111.11,0.00,555.56,111.11
UTC 2023-10-06 04:42:43.612136,Raw mV:0.00,0.00
UTC 2023-10-06 04:42:43.613812,Raw mV:0.00,0.00
UTC 2023-10-06 04:42:43.615485,Raw mV:0.00,0.00
UTC 2023-10-06 04:42:43.617172,Raw mV:0.00,0.00
UTC 2023-10-06 04:42:43.619155,Raw mV:0.00,0.00
UTC 2023-10-06 04:42:43.619474,CountsCPS:0.00	 Sampling FPS:555.56	 PrintFPS:111.11,0.00,555.56,111.11
UTC 2023-10-06 04:42:43.620862,Raw mV:0.00,0.00
UTC 2023-10-06 04:42:43.622690,Raw mV:0.00,0.00
UTC 2023-10-06 04:42:43.624429,Raw mV:0.00,0.00
UTC 2023-10-06 04:42:43.626141,Raw mV:0.00,0.00
UTC 2023-10-06 04:42:43.627940,Raw mV:0.00,0.00
UTC 2023-10-06 04:42:43.628232,CountsCPS:0.00	 Sampling FPS:625.00	 PrintFPS:125.00,0.00,625.00,125.00
UTC 2023-10-06 04:42:43.629655,Raw mV:0.00,0.00
UTC 2023-10-06 04:42:43.631273,Raw mV:0.00,0.00
UTC 2023-10-06 04:42:43.632978,Raw mV:0.00,0.00
UTC 2023-10-06 04:42:43.634661,Raw mV:0.00,0.00
UTC 2023-10-06 04:42:43.636785,Raw mV:0.00,0.00
UTC 2023-10-06 04:42:43.637136,CountsCPS:0.00	 Sampling FPS:625.00	 PrintFPS:125.00,0.00,625.00,125.00
UTC 2023-10-06 04:42:43.638341,Raw mV:0.00,0.00
UTC 2023-10-06 04:42:43.640390,Raw mV:0.00,0.00
UTC 2023-10-06 04:42:43.642386,Raw mV:0.00,0.00
UTC 2023-10-06 04:42:43.643921,Raw mV:0.00,0.00
UTC 2023-10-06 04:42:43.645947,Raw mV:0.00,0.00
UTC 2023-10-06 04:42:43.646089,CountsCPS:0.00	 Sampling FPS:555.56	 PrintFPS:111.11,0.00,555.56,111.11
UTC 2023-10-06 04:42:43.647302,Raw mV:0.00,0.00
UTC 2023-10-06 04:42:43.648879,Raw mV:0.00,0.00
UTC 2023-10-06 04:42:43.651128,Raw mV:0.00,0.00
UTC 2023-10-06 04:42:43.652209,Raw mV:0.00,0.00
UTC 2023-10-06 04:42:43.654277,Raw mV:0.00,0.00
UTC 2023-10-06 04:42:43.654996,CountsCPS:0.00	 Sampling FPS:555.56	 PrintFPS:111.11,0.00,555.56,111.11
UTC 2023-10-06 04:42:43.658085,Raw mV:0.00,0.00
UTC 2023-10-06 04:42:43.658289,Raw mV:0.00,0.00
UTC 2023-10-06 04:42:43.659506,Raw mV:0.00,0.00
UTC 2023-10-06 04:42:43.661247,Raw mV:0.00,0.00
UTC 2023-10-06 04:42:43.663181,Raw mV:0.00,0.00
UTC 2023-10-06 04:42:43.663342,CountsCPS:0.00	 Sampling FPS:625.00	 PrintFPS:125.00,0.00,625.00,125.00
UTC 2023-10-06 04:42:43.664647,Raw mV:0.00,0.00
UTC 2023-10-06 04:42:43.666270,Raw mV:0.00,0.00
UTC 2023-10-06 04:42:43.668215,Raw mV:0.00,0.00
UTC 2023-10-06 04:42:43.669778,Raw mV:0.00,0.00
UTC 2023-10-06 04:42:43.671648,Raw mV:0.00,0.00
UTC 2023-10-06 04:42:43.671900,CountsCPS:0.00	 Sampling FPS:625.00	 PrintFPS:125.00,0.00,625.00,125.00
UTC 2023-10-06 04:42:43.673275,Raw mV:0.00,0.00
UTC 2023-10-06 04:42:43.675053,Raw mV:0.00,0.00
UTC 2023-10-06 04:42:43.676720,Raw mV:0.00,0.00
UTC 2023-10-06 04:42:43.678375,Raw mV:0.00,0.00
UTC 2023-10-06 04:42:43.680377,Raw mV:0.00,0.00
UTC 2023-10-06 04:42:43.680596,CountsCPS:0.00	 Sampling FPS:555.56	 PrintFPS:111.11,0.00,555.56,111.11
UTC 2023-10-06 04:42:43.682037,Raw mV:0.00,0.00
UTC 2023-10-06 04:42:43.683702,Raw mV:0.00,0.00
UTC 2023-10-06 04:42:43.685392,Raw mV:0.00,0.00
UTC 2023-10-06 04:42:43.687181,Raw mV:0.00,0.00
UTC 2023-10-06 04:42:43.689088,Raw mV:0.00,0.00
UTC 2023-10-06 04:42:43.689467,CountsCPS:0.00	 Sampling FPS:555.56	 PrintFPS:111.11,0.00,555.56,111.11
UTC 2023-10-06 04:42:43.690807,Raw mV:0.00,0.00
UTC 2023-10-06 04:42:43.692439,Raw mV:0.00,0.00
UTC 2023-10-06 04:42:43.694175,Raw mV:0.00,0.00
UTC 2023-10-06 04:42:43.695894,Raw mV:0.00,0.00
UTC 2023-10-06 04:42:43.697844,Raw mV:0.00,0.00
UTC 2023-10-06 04:42:43.698114,CountsCPS:0.00	 Sampling FPS:625.00	 PrintFPS:125.00,0.00,625.00,125.00
UTC 2023-10-06 04:42:43.699467,Raw mV:0.00,0.00
UTC 2023-10-06 04:42:43.701194,Raw mV:0.00,0.00
UTC 2023-10-06 04:42:43.702903,Raw mV:0.00,0.00
UTC 2023-10-06 04:42:43.704634,Raw mV:0.00,0.00
UTC 2023-10-06 04:42:43.706682,Raw mV:0.00,0.00
UTC 2023-10-06 04:42:43.706891,CountsCPS:0.00	 Sampling FPS:625.00	 PrintFPS:125.00,0.00,625.00,125.00
